id , certificate_number, registration_date, title                                                                                                                                                           , title_link                                                                                                  , publication_ref, subdivision, authors                                                                                                                                                                                                                                                                                                                                                     , codifier
  1, 2010610836        , 26.01.2010       , Web Monitoring Interface/Сетевой мониторинг интерфейс. Сервис для опубликования данных в WEB из закрытой сети                                                   ,                                                                                                             ,                , ЛИТ        , "Александров Евгений Игоревич, Александров Игорь Николаевич, Котов Владислав Михайлович"                                                                                                                                                                                                                                                                    , F
  2, 2012619648        , 25.10.2012       , Приложение для генерации конфигурации грид-структуры и потока исходных данных для моделирования распределенной системы обработки сверхбольших объемов информации,                                                                                                             ,                , ЛИТ        , "Трофимов Владимир Валентинович, Ефремов Сергей Николаевич, Кадочников Иван Сергеевич, Муравьев Анатолий Николаевич, Нечаевский Андрей Васильевич, Петренко Александр Александрович"                                                                                                                                                                        , F
  3, 2013617287        , 08.08.2013       , Система локального мониторинга вычислительного комплекса Litmon                                                                                                 , https://new.fips.ru/Archive/EVM/2013/201303/DOC/RUNW/000/002/013/617/287/document.pdf                       , 20.09.2013     , ЛИТ        , "Кореньков Владимир Васильевич, Мицын Валерий Валентинович, Дмитриенко Павел Владимирович"                                                                                                                                                                                                                                                                  , F
  4, 2017618100        , 21.07.2017       , Программный комплекс для моделирования распределенных систем хранения и обработки данных на основе результатов их мониторинга                                   , https://new.fips.ru/ofpstorage/Doc/PrEVM/RUNWPR/000/002/017/618/100/2017618100-00001/document.pdf           , 21.07.2017     , ЛИТ        , "Ососков Геннадий Алексеевич, Нечаевский Андрей Васильевич, Пряхина Дарья Игоревна, Трофимов Владимир Валентинович, Ужинский Александр Владимирович"                                                                                                                                                                                                        , F
  5, 2018619146        , 01.08.2018       , Программный комплекс интеллектуального диспетчирования и адаптивной самоорганизации виртуальных вычислительных ресурсов                                         , https://new.fips.ru/ofpstorage/Doc/PrEVM/RUNWPR/000/002/018/619/146/2018619146-00001/document.pdf           , 01.08.2018     , ЛИТ        , "Балашов Никита Александрович, Баранов Александр Владимирович, Кадочников Иван Сергеевич, Кореньков Владимир Васильевич, Кутовский Николай Александрович, Пелеванюк Игорь Станиславович"                                                                                                                                                                    , F
  6, 2019662839        , 03.10.2019       , Программный комплекс Sonix+                                                                                                                                     , https://new.fips.ru/ofpstorage/Doc/PrEVM/RUNWPR/000/002/019/662/839/2019662839-00001/document.pdf           , 03.10.2019     , ЛНФ        , "Кирилов Андрей Сергеевич,Морковников Иван Алексеевич,Мурашкевич Светлана Маратовна,Петухова Татьяна Борисовна,Трунтова Любовь Александровна"                                                                                                                                                                                                               , F
  7, 2019662840        , 03.10.2019       , Программа юстировки нейтронных рефлектометров ICE                                                                                                               , https://new.fips.ru/ofpstorage/Doc/PrEVM/RUNWPR/000/002/019/662/840/2019662840-00001/document.pdf           , 03.10.2019     , ЛНФ        , "Кирилов Андрей Сергеевич,Гапон Игорь Васильевич"                                                                                                                                                                                                                                                                                                           , F
  8, 2019619340        , 16.07.2019       , Программа визуализации спектрометрических данных SpectraViewer                                                                                                  , https://new.fips.ru/ofpstorage/Doc/PrEVM/RUNWPR/000/002/019/619/340/2019619340-00001/document.pdf           , 16.07.2019     , ЛНФ        , "Кирилов Андрей Сергеевич, Трунтова Любовь Александровна, Гапон Игорь Васильевич"                                                                                                                                                                                                                                                                           , F
  9, 2020612304        , 19.02.2020       , Программный комплекс – «Система контроля криогенного замедлителя реактора ИБР–2»                                                                                , https://new.fips.ru/ofpstorage/Doc/PrEVM/RUNWPR/000/002/020/612/304/2020612304-00001/document.pdf           , 19.02.2020     , ЛНФ        , Петухова Татьяна Борисовна                                                                                                                                                                                                                                                                                                                                  , F
 10, 2020662675        , 16.10.2020       , Structural Nanopowders Analyzer Based on Small-Angle Scattering Data (SNASAS)                                                                                   , https://new.fips.ru/ofpstorage/Doc/PrEVM/RUNWPR/000/002/020/662/675/2020662675-00001/document.pdf           , 16.10.2020     , ЛНФ        , Незванов Александр Юрьевич                                                                                                                                                                                                                                                                                                                                  , F
 11, 2021614037        , 18.03.2021       , Система дозиметрического контроля реактора ИБР-2                                                                                                                , https://www.fips.ru/ofpstorage/Doc/PrEVM/RUNWPR/000/002/021/614/037/2021614037-00001/document.pdf           , 18.03.2021     , ЛНФ        , Мурашкевич Светлана Маратовна                                                                                                                                                                                                                                                                                                                               , F
 12, 2021615078        , 02.04.2021       , "Программа накопления, анализа и визуализации экспериментальных данных Romana"                                                                                  , https://www.fips.ru/ofpstorage/Doc/PrEVM/RUNWPR/000/002/021/615/078/2021615078-00001/document.pdf           , 02.04.2021     , ЛНФ        , Копач Юрий Николаевич                                                                                                                                                                                                                                                                                                                                       , F
 13, 2021661040        , 05.07.2021       , Программа контроля параметров протонного пучка Beam Control                                                                                                     , https://www.fips.ru/ofpstorage/Doc/PrEVM/RUNWPR/000/002/021/661/040/2021661040-00001/document.pdf           , 05.07.2021     , ЛЯП        , "Мицин Геннадий Валентинович, Шипулин Константин Николаевич, Молоканов Александр"                                                                                                                                                                                                                                                                           , G
 14, 2021661041        , 05.07.2021       , Программа обработки экспериментальных данных QA tools                                                                                                           , https://www.fips.ru/ofpstorage/Doc/PrEVM/RUNWPR/000/002/021/661/041/2021661041-00001/document.pdf           , 05.07.2021     , ЛЯП        , Шипулин Константин Николаевич                                                                                                                                                                                                                                                                                                                               , F
 15, 2021661042        , 05.07.2021       , Программа для управления устройством верификации болюсов Bolus Verification                                                                                     , https://www.fips.ru/ofpstorage/Doc/PrEVM/RUNWPR/000/002/021/661/042/2021661042-00001/document.pdf           , 05.07.2021     , ЛЯП        , Шипулин Константин Николаевич                                                                                                                                                                                                                                                                                                                               , F
 16, 2021661043        , 05.07.2021       , Программа автоматической верификации положения пациента в лучевой терапии Verify Treat                                                                          , https://www.fips.ru/ofpstorage/Doc/PrEVM/RUNWPR/000/002/021/661/043/2021661043-00001/document.pdf           , 05.07.2021     , ЛЯП        , Шипулин Константин Николаевич                                                                                                                                                                                                                                                                                                                               , A
 17, 2021661044        , 05.07.2021       , Программа симуляции протонного облучения в гетерогенных тканях                                                                                                  , https://www.fips.ru/ofpstorage/Doc/PrEVM/RUNWPR/000/002/021/661/044/2021661044-00001/document.pdf           , 05.07.2021     , ЛЯП        , "Шипулин Константин Николаевич, Мицин Геннадий Валентинович"                                                                                                                                                                                                                                                                                                , D
 18, 2021670029        , 08.10.2021       , База данных. Цифровой фотоархив ОИЯИ                                                                                                                            , https://www.fips.ru/ofpstorage/Doc/PrEVM/RUNWDB/000/002/021/670/029/2021670029-00001/document.pdf           , 08.11.2021     , Упр        , "Старченко Борис Михайлович, Борисовский Валерий Федорович, Белов Олег Валерьевич, Боголюбова Нина Петровна, Горячкин Евгений Игоревич, Гущин Алексей Эдуардович, Зорин Андрей Геннадиевич, Кучугурная Людмила Дмитриевна, Титов Ростислав Николаевич, Тюпикова Татьяна Викторовна, Тяпкина Ольга Васильевна, Щербакова Ирина Юрьевна, Усов Дмитрий Юрьевич", F
 19, 2021663393        , 16.08.2021       , Программа для систематизации и хранения фотографий. Электронный фотоархив ОИЯИ                                                                                  , https://www.fips.ru/ofpstorage/Doc/PrEVM/RUNWPR/000/002/021/663/393/2021663393-00001/document.pdf           , 16.08.2021     , Упр        , "Борисовский Валерий Федорович, Старченко Борис Михайлович, Белов Олег Валерьевич, Боголюбова Нина Петровна, Горячкин Евгений Игоревич, Гущин Алексей Эдуардович, Зорин Андрей Геннадьевич, Кучугурная Людмила Дмитриевна, Титов Ростислав Николаевич, Тюпикова Татьяна Викторовна, Тяпкина Ольга Васильевна, Щербакова Ирина Юрьевна,Усов Дмитрий Юрьевич" , H
 20, 2022665357        , 15.08.2022       , Программа регистрации командировок сотрудников ОИЯИ                                                                                                             , https://www.fips.ru/ofpstorage/Doc/PrEVM/RUNWPR/000/002/022/665/357/2022665357-00001/document.pdf           , 15.08.2022     , ЛИТ        , "Борисовский Валерий Федорович, Елисеев Владимир Петрович, Тюпикова Татьяна Викторовна"                                                                                                                                                                                                                                                                     , F
 21, 2022665558        , 18.08.2022       , "Программа регистрации командировок иностранных сотрудников, прибывающих в ОИЯИ"                                                                                , https://www.fips.ru/ofpstorage/Doc/PrEVM/RUNWPR/000/002/022/665/558/2022665558-00001/document.pdf           , 18.08.2022     , ЛИТ        , "Елисеев Владимир Петрович, Борисовский Валерий Федорович, Тюпикова Татьяна Викторовна"                                                                                                                                                                                                                                                                     , F
 22, 2022667974        , 29.09.2022       , "Программа ведения справочника организаций, связанных с ОИЯИ научными исследованиями"                                                                           , https://oliis.jinr.ru/2022667974                                                                            , 29.09.2022     , ЛИТ        , "Елисеев Владимир Петрович, Борисовский Валерий Федорович, Тюпикова Татьяна Викторовна"                                                                                                                                                                                                                                                                     , F
 23, 2023610870        , 13.01.2023       , Программа мониторинга и накопления данных PIT-Viewer системы измерения токов сверхпроводящих структурных магнитов синхротронов Бустера и Нуклотрона             , https://www.fips.ru/ofpstorage/Doc/PrEVM/RUNWPR/000/002/023/610/870/2023610870-00001/document.pdf           , 13.01.2023     , ЛФВЭ       , "Панфилов Алексей Константинович, Карпинский Виктор Николаевич, Киров Сергей Валерьевич, Козляковская Анастасия Александровна, Сергеев Андрей Валерьевич, Товстуха Владимир Григорьевич"                                                                                                                                                                    , G
 24, 2023670014        , 12.04.2023       , База данных учета информации о международном сотрудничестве ОИЯИ                                                                                                , https://www.fips.ru/ofpstorage/Doc/PrEVM/RUNWDB/000/002/023/670/014/2023670014-00001/document.pdf           , 12.04.2023     , ЛИТ        , "Борисовский Валерий Федорович, Елисеев Владимир Петрович,            Тюпикова Татьяна Викторовна"                                                                                                                                                                                                                                                          , F
 25, 2023618835        , 02.05.2023       , Программа измерения токов Sys_Monit сверхпроводящих структурных магнитов синхротронов Бустера и Нуклотрона                                                      , https://www.fips.ru/ofpstorage/Doc/PrEVM/RUNWPR/000/002/023/618/835/2023618835-00001/document.pdf           , 02.05.2023     , ЛФВЭ       , "Сергеев Андрей Валерьевич, Карпинский Виктор Николаевич, Киров Сергей Валерьевич, Панфилов Алексей Константинович, Товстуха Владимир Григорьевич"                                                                                                                                                                                                          , G
 26, 2023661580        , 01.06.2023       , "Программа анализа работы веб-сайтов организаций, сотрудничающих с ОИЯИ"                                                                                        , https://oliis.jinr.ru/2023661580                                                                            , 01.06.2023     , ЛИТ        , "Елисеев Владимир Петрович, Тюпикова Татьяна Викторовна"                                                                                                                                                                                                                                                                                                    , F
 27, 2023662830        , 14.06.2023       , Программа обработки и визуализации информации о состоянии магнитной оптики в измерительном павильоне                                                            , https://www.fips.ru/ofpstorage/Doc/PrEVM/RUNWPR/000/002/023/662/830/2023662830-00001/document.pdf           , 14.06.2023     , ЛФВЭ       , "Зорин Андрей Геннадьевич, Блинов Николай Алексеевич"                                                                                                                                                                                                                                                                                                       , G
 28, 2023662831        , 14.06.2023       , Программа дистанционного наблюдения за срабатыванием защит теплых магнитов в экспериментальном зале                                                             , https://www.fips.ru/ofpstorage/Doc/PrEVM/RUNWPR/000/002/023/662/831/2023662831-00001/document.pdf           , 14.06.2023     , ЛФВЭ       , "Зорин Андрей Геннадьевич, Блинов Николай Алексеевич"                                                                                                                                                                                                                                                                                                       , G
 29, 2023664342        , 04.07.2023       , Monte Carlo Simulation of nanodispersed extraction systems for low-energy neutrons (MCSnes)                                                                     , https://www.fips.ru/ofpstorage/Doc/PrEVM/RUNWPR/000/002/023/664/342/2023664342-00001/document.pdf           , 04.07.2023     , ЛНФ        , "Незванов Александр Юрьевич, Теймуров Эйваз Самеддин оглы"                                                                                                                                                                                                                                                                                                  , F
 30, 2023686688        , 08.12.2023       , Программа определения и настройки конфигурации компьютерной модели установки для облучения смешанным полем излучения на ускорителях заряженных частиц           , https://www.fips.ru/ofpstorage/Doc/PrEVM/RUNWPR/000/002/023/686/688/2023686688-00001/document.pdf           , 08.12.2023     , ЛРБ        , Гордеев Иван Сергеевич                                                                                                                                                                                                                                                                                                                                      , G
 31, 2023630250        , 14.12.2023       , Топология интегральной микросхемы Восьмиканальная микросхема считывания и обработки сигналов резистивных плоскостных камер                                      , https://new.fips.ru/ofpstorage/Doc/PrEVM/RUNWIC/000/002/023/630/250/2023630250-00001/document.pdf           , 14.12.2023     , ЛФВЭ       , "Аткин Э.В., Норманов Д.Д., Ямалиев С.И., Серазетдинов А.Р., Солин А.А., Усенко Е.А"                                                                                                                                                                                                                                                                        , H
 32, 2024611065        , 17.01.2024       , Интеллектуальная координатная система управления на основе квантового нечёткого вывода для Tango Controls                                                       , https://www.fips.ru/ofpstorage/Doc/PrEVM/RUNWPR/000/002/024/611/065/2024611065-00001/document.pdf           , 17.01.2024     , ЛФВЭ       , "Зрелов Пётр Валентинович, Катулин Михаил Сергеевич, Решетников Андрей Геннадьевич, Ульянов Сергей Викторович"                                                                                                                                                                                                                                              , G
 33, 2024611064        , 17.01.2024       , Программа восстановления нейтронных спектров по показанияс спектрометра Боннера (RECONST)                                                                       , https://www.fips.ru/ofpstorage/Doc/PrEVM/RUNWPR/000/002/024/611/064/2024611064-00001/document.pdf           , 17.01.2024     , ЛРБ        , Бескровная Людмила Григорьевна                                                                                                                                                                                                                                                                                                                              , G
 34, 2024612337        , 31.01.2024       , Программа Viev_KEE_KSH дистанционного управления ключами эвакуации энергии коллайдера                                                                           , https://www.fips.ru/ofpstorage/Doc/PrEVM/RUNWPR/000/002/024/612/337/2024612337-00001/document.pdf           , 31.01.2024     , ЛФВЭ       , "Панфилов Алексей Константинович, Ахмадризялов Ринат Мубаракович, Карпинский Виктор Николаевич, Киров Сергей Валерьевич, Копченов Александр Викторович, Сергеев Андрей Валерьевич"                                                                                                                                                                          , G
 35, 2024616778        , 25.03.2024       , Программа формирования управляющих сигналов для источника тока стенда испытаний сверхпроводящих магнитов                                                        , https://www.fips.ru/ofpstorage/Doc/PrEVM/RUNWPR/000/002/024/616/778/2024616778-00001/document.pdf           , 25.03.2024     , ЛФВЭ       , "Карпинский Виктор Николаевич, Блинов Николай Алексеевич, Зорин Андрей Геннадьевич"                                                                                                                                                                                                                                                                         , H
 36, 2024618617        , 15.04.2024       , "Программа визуализации данных компьютерной модели облучательной установки, имитирующей поле смешанного излучения на ускорителях заряженных частиц"             , https://www.fips.ru/ofpstorage/Doc/PrEVM/RUNWPR/000/002/024/618/617/2024618617-00001/document.pdf           , 15.04.2024     , ЛРБ        , Гордеев Иван Сергеевич                                                                                                                                                                                                                                                                                                                                      , G
 37, 2024661481        , 17.05.2024       , Программа управления пневмотранспортной установкой РЕГАТА на реакторе ИБР-2                                                                                     , https://www.fips.ru/ofpstorage/Doc/PrEVM/RUNWPR/000/002/024/661/481/2024661481-00001/document.pdf           , 17.05.2024     , ЛНФ        , Гроздов Дмитрий Сергеевич                                                                                                                                                                                                                                                                                                                                   , F
 38, 2024661642        , 21.05.2024       , Программа расчета спектров первичных частиц галактического космического излучения при различной солнечной активности GCRs Spectra                               , https://www.fips.ru/ofpstorage/Doc/PrEVM/RUNWPR/000/002/024/661/642/2024661642-00001/document.pdf           , 21.05.2024     , ЛРБ        , Гордеев Иван Сергеевич                                                                                                                                                                                                                                                                                                                                      , G
 39, 2024666184        , 10.07.2024       , Программа прямого доступа к таблицам данных регистрации командировок                                                                                            , https://www.fips.ru/ofpstorage/Doc/PrEVM/RUNWPR/000/002/024/666/184/2024666184-00001/document.pdf           , 10.07.2024     , ЛИТ        , Елисеев Владимир Петрович                                                                                                                                                                                                                                                                                                                                   , F
 40, 2024666033        , 09.07.2024       , "Программа регистрации заявов для иностранных сотрудников, приглашенных в ОИЯИ от лабораторий института"                                                        , https://www.fips.ru/ofpstorage/Doc/PrEVM/RUNWPR/000/002/024/666/033/2024666033-00001/document.pdf           , 09.07.2024     , ЛИТ        , "Елисеев Владимир Петрович,  Журавлева Ирина Александровна"                                                                                                                                                                                                                                                                                                 , B
 41, 2024681268        , 06.09.2024       , "Программа прогнозирования радиационного повреждения нервных клеток с учетом детального описания субнейронной мишени,  структуры трека и механизма радиолиза"   , https://www.fips.ru/ofpstorage/Doc/PrEVM/RUNWPR/000/002/024/681/268/2024681268-00001/document.pdf           , 06.09.2024     , ЛРБ        , "Мунхбаатар Батмунх (Munkhbaatar Batmunkh) (MN), Лхагваа Баярчимэг (Lkhagvaa Bayarchimeg) (MN)"                                                                                                                                                                                                                                                             , F
 42, 2025670023        , 16.05.2025       , База данных.Репозитарий научных публикаций ОИЯИ                                                                                                                 , https://new.fips.ru/ofpstorage/Doc/PrEVM/RUNWDB/000/002/025/670/023/2025670023-00001/document.pdf           , 16.05.2025     , ЛИТ        , "Филозова Ирина Анатольевна, Шестакова Галина Васильевна, Кондратьев Андрей Олегович, Бондяков Алексей Олегович, Заикина Татьяна Николаевна, ПоповаЯнина Ивановна, Некрасова Ирина Константиновна"                                                                                                                                                          , F
 43, 2025661831        , 12.05.2025       , Программа Интеллектуальная система оценки результативности трудовой деятельности работников научно-исследовательских организаций                                , https://new.fips.ru/registers-doc-view/fips_servlet?DB=EVM&DocNumber=2025664012&TypeFile=html               , 02.06.2025     , ЛФВЭ       , "Ковалева Анастасия Валерьевна, Коробицин Артём Алексаедрович"                                                                                                                                                                                                                                                                                              , F
 44, 2025664956        , 09.06.2025       , Программа определения характеристик качества пучка рентгеновского излучения по спектру рентгеновской трубки                                                     , https://www.fips.ru/ofpstorage/Doc/PrEVM/RUNWPR/000/002/025/664/956/2025664956-00001/document.pdf           , 09.06.2025     ,            , Гордеев Иван Сергеевич                                                                                                                                                                                                                                                                                                                                      , G
 45, 2025667059        , 02.07.2025       , Программа управления контроллером SNSD-4.2CAN шагового двигателя с минимальным набором команд                                                                   , https://new.fips.ru/registers-doc-view/fips_servlet?DB=EVM&DocNumber=2025667059&TypeFile=html               , 02.07.2025     ,            , "Белобородов Алексей Васильевич, Зорин Андрей Геннадьевич, Харьюзов Павел Робертович"                                                                                                                                                                                                                                                                       , F
 46, 2847136(RU)       , 08.11.2024       , УСТРОЙСТВО ДЛЯ ОХЛАЖДЕНИЯ БИОЛОГИЧЕСКИХ ОБРАЗЦОВ                                                                                                                , https://www.fips.ru/ofpstorage/Doc/IZPM/RUNWC1/000/000/002/847/068/%D0%98%D0%97-02847068-00001/document.pdf , 26.09.2025     , ЛРБ        , "Белокопытова К.В., Агапов А.В., Мицын Г.В., Белов О.В."                                                                                                                                                                                                                                                                                                    , A
 47, 2847068(RU)       , 08.10.2024       , СПОСОБ ИЗГОТОВЛЕНИЯ АНИЗОТРОПНОЙ ПОРИСТОЙ ПЛЕНКИ ИЗ ДИЭЛЕКТРИЧЕСКОГО МАТЕРИАЛА И АНИЗОТРОПНАЯ ПЛЕНКА ИЗ ДИЭЛЕКТРИЧЕСКОГО МАТЕРИАЛА                              , https://new.fips.ru/ofpstorage/Doc/IZPM/RUNWC1/000/000/002/847/068/%D0%98%D0%97-02847068-00001/document.pdf , 24.09.2025     , ЛЯР        , "Апель П.Ю., Дмитриев Н.С., Нечаев А.Н., Полежаева О.А., Иванов О.М."                                                                                                                                                                                                                                                                                       , H
 48, 2842003(RU)       , 18.07.2024       , СПОСОБ ВЫВОДА УСКОРЕННОГО ПУЧКА ПОЛОЖИТЕЛЬНО ЗАРЯЖЕННЫХ ЧАСТИЦ ИЗ ЦИКЛОТРОНА                                                                                    , https://new.fips.ru/ofpstorage/Doc/IZPM/RUNWC1/000/000/002/842/003/%D0%98%D0%97-02842003-00001/document.pdf , 18.06.2025     , ЛФВЭ       , "Иваненко И.А., Гульбекян Г.Г."                                                                                                                                                                                                                                                                                                                             , G
 49, 2838994(RU)       , 03.05.2024       , ФИЛЬТРУЮЩИЙ ПОРИСТЫЙ МАТЕРИАЛ ДЛЯ СЕЛЕКТИВНОГО ВЫДЕЛЕНИЯ И КОНЦЕНТРИРОВАНИЯ ВНЕКЛЕТОЧНЫХ&NBSP;НУКЛЕИНОВЫХ КИСЛОТ ИЗ РАСТВОРОВ                                   , https://new.fips.ru/ofpstorage/Doc/IZPM/RUNWC1/000/000/002/838/994/%D0%98%D0%97-02838994-00001/document.pdf , 24.04.2025     , ЛЯП        , "Кравченко Е.В., Зарубин М.П., Апель П.Ю., Нечаев А.Н., Андреев Е.В."                                                                                                                                                                                                                                                                                       , C
 50, 2834762(RU)       , 02.05.2024       , СПОСОБ ИМПУЛЬСНОГО НАПУСКА И ЗАПИРАНИЯ НЕЙТРОНОВ В КОЛЬЦЕВОМ НАКОПИТЕЛЕ НЕЙТРОНОВ                                                                               , https://new.fips.ru/ofpstorage/Doc/IZPM/RUNWC1/000/000/002/834/762/%D0%98%D0%97-02834762-00001/document.pdf , 14.02.2025     , ЛЯП        , "Никитенко Ю.В., Колупаев Е.Д., Журавлев В.В."                                                                                                                                                                                                                                                                                                              , G
 51, 2832195(RU)       , 31.01.2024       , СПОСОБ ИЗГОТОВЛЕНИЯ СОЕДИНЕНИЯ ВЫСОКОТЕМПЕРАТУРНЫХ СВЕРХПРОВОДЯЩИХ КАБЕЛЕЙ                                                                                      , https://new.fips.ru/ofpstorage/Doc/IZPM/RUNWC1/000/000/002/832/195/%D0%98%D0%97-02832195-00001/document.pdf , 23.12.2024     , ЛФВЭ       , "Шемчук А.В., Ильин М.В., Новиков М.С."                                                                                                                                                                                                                                                                                                                     , E
 52, 2828765(RU)       , 02.10.2023       , СПОСОБ ОХЛАЖДЕНИЯ ПОТОКА НЕЙТРОНОВ И УСТРОЙСТВО ДЛЯ ЕГО РЕАЛИЗАЦИИ                                                                                              , https://www.fips.ru/ofpstorage/Doc/IZPM/RUNWC1/000/000/002/828/765/%D0%98%D0%97-02828765-00001/document.pdf , 17.10.2024     , ЛЯП        , Доля С.Н.                                                                                                                                                                                                                                                                                                                                                   , G
 53, 2820796(RU)       , 29.01.2024       , СПОСОБ ИЗГОТОВЛЕНИЯ СВЕТООТРАЖАТЕЛЯ                                                                                                                             , https://www.fips.ru/ofpstorage/Doc/IZPM/RUNWC1/000/000/002/820/796/%D0%98%D0%97-02820796-00001/document.pdf , 10.06.2024     , ЛЯП        , "Смолянский А.С., Белов О.В., Кирюхин Д.П., Кущ П.П., Рындя С.М., Полунин К.С., Кошкина О.А., Трахтенберг Л.И."                                                                                                                                                                                                                                             , E
 54, 226117(RU)ПМ      , 13.02.2023       , КОМПАКТНЫЙ НИЗКОФОНОВЫЙ СЧЕТЧИК НЕЙТРОНОВ НА ОСНОВЕ ГЕЛИЯ-3                                                                                                     , https://new.fips.ru/ofpstorage/Doc/IZPM/RUNWU1/000/000/000/226/117/%D0%9F%D0%9C-00226117-00001/document.pdf , 21.05.2024     , ЛЯП        , "Евсеев С.А., Емельянов А.Н., Камнев И.И., Розов С.В., Якушев Е.А."                                                                                                                                                                                                                                                                                         , H
 55, 2816244(RU)       , 02.10.2023       , ПОЗИЦИОННО-ЧУВСТВИТЕЛЬНЫЙ ДЕТЕКТОР ТЕПЛОВЫХ И ХОЛОДНЫХ НЕЙТРОНОВ ОТ КОМПАКТНОГО ИССЛЕДУЕМОГО ОБРАЗЦА                                                            , https://new.fips.ru/ofpstorage/Doc/IZPM/RUNWC1/000/000/002/816/244/%D0%98%D0%97-02816244-00001/document.pdf , 13.02.2024     , ЛЯП        , "Колесников А.Г., Залиханов Б.Ж., Боднарчук В.И."                                                                                                                                                                                                                                                                                                           , G
 56, 2816242(RU)       , 10.01.2023       , СПОСОБ СБОРКИ СУПЕРМОДУЛЕЙ ДЛЯ ДЕТЕКТИРОВАНИЯ ИОНИЗИРУЮЩЕГО ИЗЛУЧЕНИЯ                                                                                           , https://new.fips.ru/ofpstorage/Doc/IZPM/RUNWC1/000/000/002/816/242/%D0%98%D0%97-02816242-00001/document.pdf , 27.03.2024     , ЛФВЭ       , "Елша В.В., Дементьев Д.В., Шереметьев А.Д., Воронин А.Л., Мурин А.Ю."                                                                                                                                                                                                                                                                                      , G
 57, 2814514(RU)       , 22.09.2023       , ПОЛУПРОВОДНИКОВЫЙ ЛАВИННЫЙ ДЕТЕКТОР                                                                                                                             , https://new.fips.ru/ofpstorage/Doc/IZPM/RUNWC1/000/000/002/814/514/%D0%98%D0%97-02814514-00001/document.pdf , 29.02.2024     , ЛЯП        , "Садыгов З.Я., Замятин Н.И., Акберов Р.А., Бокова Т.Ю., Ахмадов Ф.И., Садыгов А.З."                                                                                                                                                                                                                                                                         , G
 58, 2813557(RU)       , 02.10.2023       , ПОЗИЦИОННО-ЧУВСТВИТЕЛЬНЫЙ ДЕТЕКТОР ТЕПЛОВЫХ И ХОЛОДНЫХ НЕЙТРОНОВ НА ОСНОВЕ ПЛОСКОПАРАЛЛЕЛЬНОЙ РЕЗИСТИВНОЙ КАМЕРЫ                                                , https://www.fips.ru/ofpstorage/Doc/IZPM/RUNWC1/000/000/002/813/557/%D0%98%D0%97-02813557-00001/document.pdf , 13.02.2024     , ЛЯП        , "Петрова М.О., Богдзель А.А., Боднарчук В.И., Даулбаев О., Милков В.М., Курилкин А.К., Булатов К.В., Дмитриев А.В., Бабкин В.А., Румянцев М.М."                                                                                                                                                                                                             , G
 59, 2810721(RU)       , 02.05.2023       , УСТРОЙСТВО ДЛЯ ИЗМЕРЕНИЯ УГЛА НАКЛОНА                                                                                                                           , https://www.fips.ru/ofpstorage/Doc/IZPM/RUNWC1/000/000/002/810/721/%D0%98%D0%97-02810721-00001/document.pdf , 28.12.2023     , ЛЯП        , Ляблин М.В.                                                                                                                                                                                                                                                                                                                                                 , G
 60, 2810718(RU)       , 19.06.2023       , УСТРОЙСТВО ДЛЯ ИЗМЕРЕНИЯ УГЛА НАКЛОНА                                                                                                                           , https://www.fips.ru/ofpstorage/Doc/IZPM/RUNWC1/000/000/002/810/718/%D0%98%D0%97-02810718-00001/document.pdf , 28.12.2023     , ЛЯП        , Ляблин М.В.                                                                                                                                                                                                                                                                                                                                                 , G
 61, 2806879(RU)       , 30.06.2022       , ТЕПЛОПРОВОДЯЩАЯ ПАНЕЛЬ ДЛЯ ЖИДКОСТНЫХ СИСТЕМ ОХЛАЖДЕНИЯ ДЕТЕКТОРНЫХ МОДУЛЕЙ И СПОСОБ ЕЕ ИЗГОТОВЛЕНИЯ                                                            , https://www.fips.ru/ofpstorage/Doc/IZPM/RUNWC1/000/000/002/806/879/%D0%98%D0%97-02806879-00001/document.pdf , 08.11.2023     , ЛЯП        , "Лыгденова Т.З., Воронин А.Л., Жеребчевский В.И., Иголкин С.Н., Мурин Ю.А., Феофилов Г.А."                                                                                                                                                                                                                                                                  , G
 62, 2803544(RU)       , 29.11.2022       , КОЛЬЦЕВОЙ НАКОПИТЕЛЬ НЕЙТРОНОВ                                                                                                                                  , https://www.fips.ru/ofpstorage/Doc/IZPM/RUNWC1/000/000/002/803/544/%D0%98%D0%97-02803544-00001/document.pdf , 17.07.2023     , ЛЯП        , "Никитенко Ю.В., Аксенов В.Л."                                                                                                                                                                                                                                                                                                                              , G
 63, 2800058(RU)       , 27.01.2023       , УСТРОЙСТВО МОНИТОРИНГА ПЕРЕИЗЛУЧАЮЩЕЙ СПОСОБНОСТИ СПЕКТРОСМЕЩАЮЩЕГО ОПТИЧЕСКОГО ВОЛОКНА                                                                         , https://www.fips.ru/ofpstorage/Doc/IZPM/RUNWC1/000/000/002/800/058/%D0%98%D0%97-02800058-00001/document.pdf , 17.07.2023     , ЛНФ        , "Петрова М.О., Подлесный М.М., Милков В.М."                                                                                                                                                                                                                                                                                                                 , D
 64, 2798227(RU)       , 07.11.2022       , ТЕЛЛУРСОДЕРЖАЩИЙ ЖИДКИЙ СЦИНТИЛЛЯТОР                                                                                                                            , https://www.fips.ru/ofpstorage/Doc/IZPM/RUNWC1/000/000/002/798/227/%D0%98%D0%97-02798227-00001/document.pdf , 19.06.2023     , ЛЯП        , "Немченок И.Б., Суслов И.А., Быстряков А.Д"                                                                                                                                                                                                                                                                                                                 , C
 65, 2797497(RU)       , 15.11.2022       , ПОЗИЦИОННО-ЧУВСТВИТЕЛЬНЫЙ ГАЗОВЫЙ ДЕТЕКТОР ТЕПЛОВЫХ И ХОЛОДНЫХ НЕЙТРОНОВ                                                                                        , https://www.fips.ru/ofpstorage/Doc/IZPM/RUNWC1/000/000/002/797/497/%D0%98%D0%97-02797497-00001/document.pdf , 06.06.2023     , ЛЯП        , "Колесников А.Г., Залиханов Б.Ж., Боднарчук В.И., Крюков Ю А"                                                                                                                                                                                                                                                                                               , G
 66, 2793964(RU)       , 11.04.2022       , УСТРОЙСТВО ДЛЯ ДЕТЕКТИРОВАНИЯ ТВЕРДЫХ ФРАГМЕНТОВ СФЕРИЧЕСКОЙ ФОРМЫ ШАРИКОВОГО ХОЛОДНОГО ЗАМЕДЛИТЕЛЯ НЕЙТРОНОВ                                                   , https://www.fips.ru/ofpstorage/Doc/IZPM/RUNWC1/000/000/002/793/964/%D0%98%D0%97-02793964-00001/document.pdf , 11.04.2023     , ЛЯП        , "Галушко А.В., Булавин М.В., Ыскаков Алмас, Мухин К.А., Скуратов В.А., Смелянский И.А."                                                                                                                                                                                                                                                                     , C
 67, 2792202(RU)       , 12.07.2022       , УСТРОЙСТВО ДЛЯ ПОЛУЧЕНИЯ УЛЬТРАХОЛОДНЫХ НЕЙТРОНОВ                                                                                                               , https://www.fips.ru/ofpstorage/Doc/IZPM/RUNWC1/000/000/002/792/202/%D0%98%D0%97-02792202-00001/document.pdf , 20.03.2023     , ЛЯП        , Доля С.Н.                                                                                                                                                                                                                                                                                                                                                   , F
 68, 2787744(RU)       , 14.09.2021       , УСТРОЙСТВО ДЛЯ ПОЛУЧЕНИЯ ХОЛОДНЫХ И УЛЬТРОХОЛОДНЫХ НЕЙТРОНОВ                                                                                                    , http://www1.fips.ru/ofpstorage/Doc/IZPM/RUNWC1/000/000/002/787/744/%D0%98%D0%97-02787744-00001/document.pdf , 12.01.2023     , ЛЯП        , "Доля С.Н., Никитенко Ю.В."                                                                                                                                                                                                                                                                                                                                 , F
 69, 2776326(RU)       , 14.09.2021       , СПОСОБ ЭКСПРЕСС- АНАЛИЗА ИНГИБИРОВАНИЯ ЖИВЫХ БЕЛКОВЫХ МОЛЕКУЛ                                                                                                   , http://www1.fips.ru/ofpstorage/Doc/IZPM/RUNWC1/000/000/002/776/326/%D0%98%D0%97-02776326-00001/document.pdf , 18.07.2022     , ЛРБ        , Доля С.Н.                                                                                                                                                                                                                                                                                                                                                   , A
 70, 2776157(RU)       , 14.09.2022       , КОМПАКТНЫЙ СВЕРХПРОВОДЯЩИЙ ЦИКЛОТРОН ДЛЯ ПРОТОННОЙ ТЕРАПИИ ПУЧКАМИ СО СВЕРХВЫСОКОЙ МОЩНОСТЬЮ ДОЗЫ (ФЛЕШ)                                                        , http://www1.fips.ru/ofpstorage/Doc/IZPM/RUNWC1/000/000/002/776/157/%D0%98%D0%97-02776157-00001/document.pdf , 14.07.2022     , ЛРБ        , "Карамышев О.В., Карамышева Г.А., Ляпин И.Д., Малинин В.А., Попов Д.В., Трубников Г.В., Ширков Г.Д., Ширков С.Г."                                                                                                                                                                                                                                           , G
 71, 2776102(RU)       , 29.03.2021       , СПОСОБ ПОЗИЦИОНИРОВАНИЯ СЦИНТИЛЛЯЦИОННЫХ ЯЧЕЕК В СЕГМЕНТИРОВАННЫХ ДЕТЕКТОРАХ И УСТРОЙСТВО ДЛЯ ЕГО ОСУЩЕСТВЛЕНИЯ                                                 , http://www1.fips.ru/ofpstorage/Doc/IZPM/RUNWC1/000/000/002/776/102/%D0%98%D0%97-02776102-00001/document.pdf , 13.07.2022     , ЛЯП        , "Афанасьев С.В., Голунов  А.О., Горбунов Н.В., Ершов Ю.В."                                                                                                                                                                                                                                                                                                  , G
 72, 2772969(RU)       , 28.06.2021       , НАКОПИТЕЛЬ ХОЛОДНЫХ НЕЙТРОНОВ                                                                                                                                   , https://www.fips.ru/ofpstorage/Doc/IZPM/RUNWC1/000/000/002/772/969/%D0%98%D0%97-02772969-00001/document.pdf , 30.05.2022     , ЛЯП        , Никитенко Ю.В.                                                                                                                                                                                                                                                                                                                                              , G
 73, 2770864(RU)       , 14.09.2021       , УСТРОЙСТВО ДЛЯ РЕЗОНАНСНОГО ЗАРЯДА КОНДЕНСАТОРА                                                                                                                 , https://www.fips.ru/ofpstorage/Doc/IZPM/RUNWC1/000/000/002/770/864/%D0%98%D0%97-02770864-00001/document.pdf , 22.04.2022     , ЛЯП        , "Доля С.Н., Смирнов В.И."                                                                                                                                                                                                                                                                                                                                   , G
 74, 2765830(RU)       , 26.04.2021       , "СПОСОБ ИЗМЕНЕНИЯ КОНЕЧНОЙ ЭНЕРГИИ ПРОТОННОГО ПУЧКА, ИСПОЛЬЗУЕМОГО ДЛЯ ФЛЗШ-ТЕРАПИИ"                                                                            , https://www.fips.ru/ofpstorage/Doc/IZPM/RUNWC1/000/000/002/770/864/%D0%98%D0%97-02770864-00001/document.pdf , 03.02.2022     , ЛЯП        , "Доля С.Н., Смирнов В.И."                                                                                                                                                                                                                                                                                                                                   , G
 75, 2761376(RU)       , 05.03.2021       , УСТРОЙСТВО МОДЕЛИРОВАНИЯ НА ПУЧКАХ ТЯЖЕЛЫХ ИОНОВ ВЫСОКОЙ ЭНЕРГИИ ПОЛЕЙ СМЕШАННОГО ИЗЛУЧЕНИЯ ДЛЯ ЦЕЛЕЙ ЭКСПЕРИМЕНТАЛЬНОЙ РАДИОЛОГИИ                              , http://www1.fips.ru/ofpstorage/Doc/IZPM/RUNWC1/000/000/002/761/376/%D0%98%D0%97-02761376-00001/document.pdf , 07.12.2021     , ЛЯР        , "Тимошенко Г.Н., Гордеев И.С."                                                                                                                                                                                                                                                                                                                              , G
 76, 2761053(RU)       , 11.03.2021       , СПОСОБ ИЗМЕРЕНИЯ ВЕРОЯТНОСТИ ПОГЛОЩЕНИЯ НЕЙТРОНОВ ПРИ ИХ ПОДБАРЬЕРНОМ ОТРАЖЕНИИ ОТ ПОВЕРХНОСТИ И СТРУКТУРА ДЛЯ ЕГО ОСУЩЕСТВЛЕНИЯ                                , http://www1.fips.ru/ofpstorage/Doc/IZPM/RUNWC1/000/000/002/761/053/%D0%98%D0%97-02761053-00001/document.pdf , 02.12.2021     , ЛНФ        , Никитенко Ю.В.                                                                                                                                                                                                                                                                                                                                              , G
 77, 2760979(RU)       , 26.04.2021       , УСТРОЙСТВО ДЛЯ ФОРМИРОВАНИЯ ПИЛООБРАЗНОГО НАПРЯЖЕНИЯ НА КОНДЕНСАТОРЕ                                                                                            , http://www1.fips.ru/ofpstorage/Doc/IZPM/RUNWC1/000/000/002/760/979/%D0%98%D0%97-02760979-00001/document.pdf , 02.12.2021     , ЛЯП        , "Доля С.Н., Смирнов В.И."                                                                                                                                                                                                                                                                                                                                   , H
 78, 2758712(RU)       , 08.02.2021       , КАРКАС ДЛЯ СВЕРХПРОВОДЯЩЕГО СОЛЕНОИДА                                                                                                                           , http://www1.fips.ru/ofpstorage/Doc/IZPM/RUNWC1/000/000/002/758/712/%D0%98%D0%97-02758712-00001/document.pdf , 01.11.2021     , ЛФВЭ       , "Новиков М.С., Ходжибагиян Г.Г., Заславский М.Е."                                                                                                                                                                                                                                                                                                           , E
 79, 2751458(RU)       , 06.11.2020       , СПОСОБ ИЗМЕРЕНИЯ ИНТЕНСИВНОСТИ РАДИАЦИОННОГО ИЗЛУЧЕНИЯ НЕИЗВЕСТНОГО СОСТАВА                                                                                     , http://www1.fips.ru/ofpstorage/Doc/IZPM/RUNWC1/000/000/002/751/458/%D0%98%D0%97-02751458-00001/document.pdf , 14.07.2021     , ЛЯП        , "Шелков Г.А., Расторгуев Д.Д., Рожков В.А., Черепанова Е.А."                                                                                                                                                                                                                                                                                                , G
 80, 2748153(RU)       , 20.07.2020       , СЦИНТИЛЛЯЦИОННЫЙ ДЕТЕКТОР                                                                                                                                       , http://www1.fips.ru/ofpstorage/Doc/IZPM/RUNWC1/000/000/002/748/153/%D0%98%D0%97-02748153-00001/document.pdf , 19.05.2021     , ЛЯП        , "Афанасьев С.В., Бояринцев А.Ю., Голунов А.О., Голутвин И.А., Горбунов Н.В., Гринев Б.В., Ершов Ю.В., Малахов А.И., Смирнов В.А., Сухов Е.В., Устинов В.В."                                                                                                                                                                                                 , G
 81, 2747047(RU)       , 19.08.2020       , ЛАЗЕРНЫЙ ИНКЛИНОМЕТР                                                                                                                                            , http://www1.fips.ru/ofpstorage/Doc/IZPM/RUNWC1/000/000/002/747/047/%D0%98%D0%97-02747047-00001/document.pdf , 23.04.2021     , ЛЯП        , "Будагов Ю.А., Ляблин М.В."                                                                                                                                                                                                                                                                                                                                 , G
 82, 2745587(RU)       , 20.07.2020       , МЕХАНИЧЕСКИЙ ФИЛЬТР НЕЙТРОННОГО ПУЧКА С ВРЕМЕННОЙ ФОКУСИРОВКОЙ                                                                                                  , http://www1.fips.ru/ofpstorage/Doc/IZPM/RUNWC1/000/000/002/745/587/%D0%98%D0%97-02745587-00001/document.pdf , 29.03.2021     , ЛНФ        , "Садилов В.В., Боднарчук В.И."                                                                                                                                                                                                                                                                                                                              , G
 83, 2745384(RU)       , 20.07.2020       , СПОСОБ АНАЛИЗА АТОМНОГО СОСТАВА ДИСПЕРСНЫХ ПОРОШКОВЫХ МАТЕРИАЛОВ                                                                                                , http://www1.fips.ru/ofpstorage/Doc/IZPM/RUNWC1/000/000/002/745/384/%D0%98%D0%97-02745384-00001/document.pdf , 24.03.2021     , ЛИТ        , "Шаляпин В.Н., Тютюнников С.И., Артюх В.А."                                                                                                                                                                                                                                                                                                                 , G
 84, 2741838(RU)       , 19.08.2020       , СПОСОБ ОПРЕДЕЛЕНИЯ НАЛИЧИЯ ГЕНЕТИЧЕСКОЙ ПРЕДРАСПОЛОЖЕННОСТИ К ДОЛГОЛЕТИЮ ЧЕЛОВЕКА                                                                               , http://www1.fips.ru/ofpstorage/Doc/IZPM/RUNWC1/000/000/002/741/838/%D0%98%D0%97-02741838-00001/document.pdf , 29.01.2021     , ЛЯП        , "Кравченко Е.В., Иванова А.Е."                                                                                                                                                                                                                                                                                                                              , A
 85, 2740489(RU)       , 29.06.2020       , ЛАЗЕРНЫЙ ИНКЛИНОМЕТР ДЛЯ ДЛИТЕЛЬНОЙ РЕГИСТРАЦИИ УГЛОВЫХ НАКЛОНОВ ЗЕМНОЙ ПОВЕРХНОСТИ                                                                             , http://www1.fips.ru/ofpstorage/Doc/IZPM/RUNWC1/000/000/002/740/489/%D0%98%D0%97-02740489-00001/document.pdf , 14.01.2021     , ЛЯП        , "Будагов Ю.А., Ляблин М.В."                                                                                                                                                                                                                                                                                                                                 , G
 86, 2734903(RU)       , 24.03.2020       , УСТРОЙСТВО ДЛЯ РЕЗОНАНСНОГО ЗАРЯДА КОНДЕНСАТОРА                                                                                                                 , http://www1.fips.ru/ofpstorage/Doc/IZPM/RUNWC1/000/000/002/734/903/%D0%98%D0%97-02734903-00001/document.pdf , 26.10.2020     , ЛЯП        , "Доля С.Н., Смирнов В.И."                                                                                                                                                                                                                                                                                                                                   , G
 87, 2734451(RU)       , 11.02.2020       , УСТРОЙСТВО ДЛЯ ИЗМЕРЕНИЯ УГЛОВ НАКЛОНА ПОВЕРХНОСТИ                                                                                                              , http://www1.fips.ru/ofpstorage/Doc/IZPM/RUNWC1/000/000/002/734/451/%D0%98%D0%97-02734451-00001/document.pdf , 16.10.2020     , ЛЯП        , "Будагов Ю.А., Ляблин М.В."                                                                                                                                                                                                                                                                                                                                 , G
 88, 2730045(RU)       , 11.09.2018       , ГИБРИДНЫЙ ПИКСЕЛЬНЫЙ ДЕТЕКТОР ИОНИЗИРУЮЩИХ ИЗЛУЧЕНИЙ                                                                                                            , http://www1.fips.ru/ofpstorage/Doc/IZPM/RUNWC1/000/000/002/730/045/%D0%98%D0%97-02730045-00001/document.pdf , 14.08.2020     , ЛЯП        , "Кожевников Д.А., Шелков Г.А., Смолянский П.И."                                                                                                                                                                                                                                                                                                             , G
 89, 2729880(RU)       , 05.11.2019       , "ТВЕРДОТЕЛЬНЫЙ КОНДЕНСАТОР-ИОНИСТОР С ДИЭЛЕКТРИЧЕСКИМ СЛОЕМ, ВЫПОЛНЕННИМ ИЗ НАНОПОРОШКА ДИЭЛЕКТРИКА"                                                            , http://www1.fips.ru/ofpstorage/Doc/IZPM/RUNWC1/000/000/002/729/880/%D0%98%D0%97-02729880-00001/document.pdf , 13.08.2020     , ЛЯП        , "Дорошкевич А.С., Шило А.В., Зеленяк Т.Ю., Константинова Т.Е., Любчик А.И., Татаринова А.А., Гридина Е.А., Дорошкевич Н.В."                                                                                                                                                                                                                                 , H
 90, 2723390(RU)       , 04.07.2019       , "СПОСОБ ПРОГНОЗИРОВАНИЯ РИСКА РАЗВИТИЯ ЗАБОЛЕВАНИЙ, СВЯЗАННЫХ С УРОВНЕМ ИММУНОГЛОБУЛИНА E(IgE) В СЫВОРОТКЕ КРОВИ ЧЕЛОВЕКА"                                      , http://www1.fips.ru/ofpstorage/Doc/IZPM/RUNWC1/000/000/002/723/390/%D0%98%D0%97-02723390-00001/document.pdf , 11.06.2020     , ЛЯП        , "Иванова А.Е., Русакович А.Н., Кравченко Е.В."                                                                                                                                                                                                                                                                                                              , A
 91, 2715898(RU)       , 12.03.2018       , ГАЗОНАПОЛНЕННЫЙ ДЕТЕКТОР ДЛЯ ИЗМЕРЕНИЯ МАЛОУГЛОВОГО РАССЕЯНИЯ ТЕПЛОВЫХ НЕЙТРОНОВ                                                                                , http://www1.fips.ru/ofpstorage/Doc/IZPM/RUNWC1/000/000/002/715/898/%D0%98%D0%97-02715898-00001/document.pdf , 04.03.2020     , ЛНФ        , "Богдзель А.А., Милков В.М., Пантелеев Ц.Ц."                                                                                                                                                                                                                                                                                                                , G
 92, 2714507(RU)       , 04.02.2019       , СПОСОБ ФОРМИРОВАНИЯ РАВНОВЕСНЫХ ТРАЕКТОРИЙ ЧАСТИЦ В ЦИКЛИЧЕСКОМ УСКОРИТЕЛЕ С ПОСТОЯННЫМ РАДИУСОМ ОРБИТЫ                                                         , http://www1.fips.ru/ofpstorage/Doc/IZPM/RUNWC1/000/000/002/714/507/%D0%98%D0%97-02714507-00001/document.pdf , 18.02.2020     , ЛЯР        , Долбилов Г.В.                                                                                                                                                                                                                                                                                                                                               , G
 93, 2714505(RU)       , 11.03.2019       , МАГНИТНАЯ СИСТЕМА ИНДУКЦИОННОГО СИНХРОТРОНА С ПОСТОЯННЫМ ВО ВРЕМЕНИ МАГНИТНЫМ ПОЛЕМ                                                                             , http://www1.fips.ru/ofpstorage/Doc/IZPM/RUNWC1/000/000/002/714/505/%D0%98%D0%97-02714505-00001/document.pdf , 18.02.2020     , ЛЯР        , Долбилов Г.В.                                                                                                                                                                                                                                                                                                                                               , G
 94, 2702140(RU)       , 23.01.2019       , СВЕРХПРОВОДЯЩИЙ КОМПАКТНЫЙ ИЗОХРОННЫЙ ЦИКЛОТРОН                                                                                                                 , http://www1.fips.ru/ofpstorage/Doc/IZPM/RUNWC1/000/000/002/702/140/%D0%98%D0%97-02702140-00001/document.pdf , 04.10.2019     , ЛЯП        , "Бунятов К.С., Ширков Г.Д., Ширков С.Г., Карамышева Г.А., Карамышев О.В., Малинин В.А., Гурский С.В., Попов Д.В."                                                                                                                                                                                                                                           , G
 95, 2699670(RU)       , 16.11.2018       , СПОСОБ ПОВЫШЕНИЯ ЧАСТОТЫ ОБРАЗОВАНИЯ ДВУНИТЕВЫХ РАЗРЫВОВ ДНК В КЛЕТКАХ ЧЕЛОВЕКА ПРИ ДЕЙСТВИИ ИОНИЗИРУЮЩИХ ИЗЛУЧЕНИЙ В УСЛОВИЯХ ВЛИЯНИЯ РАДИОМОДИФИКАТОРОВ       , http://www1.fips.ru/ofpstorage/Doc/IZPM/RUNWC1/000/000/002/699/670/%D0%98%D0%97-02699670-00001/document.pdf , 09.09.2019     , ЛРБ        , "Красавин Е.А., Борейко А.В., Куликова Е.А., Буланова Т.С., Тимошенко Г.Н., Чаусов В.Н."                                                                                                                                                                                                                                                                    , G
 96, 2698468(RU)       , 18.06.2018       , СПОСОБ МОДЕЛИРОВАНИЯ ХИМИЧЕСКОГО ПОВЕДЕНИЯ АТОМОВ СВЕРХТЯЖЕЛЫХ ЭЛЕМЕНТОВ                                                                                        , https://www1.fips.ru/ofpstorage/Doc/IZPM/RUNWC1/000/000/002/698/468/%D0%98%D0%97-02698468-00001/document.pdf, 27.08.2019     , ЛЯП        , Доманов В.П.                                                                                                                                                                                                                                                                                                                                                , C
 97, 2691770(RU)       , 25.09.2018       , УСТРОЙСТВО ДЛЯ ИССЛЕДОВАНИЯ СТРОУ ТРУБКИ КООРДИНАТНОГО ДЕТЕКТОРА ЧАСТИЦ                                                                                         , http://www1.fips.ru/ofpstorage/Doc/IZPM/RUNWC1/000/000/002/691/770/%D0%98%D0%97-02691770-00001/document.pdf , 18.06.2019     , ЛФВЭ       , "Волков А.Д., Кравченко М.Д., Павлов А.В."                                                                                                                                                                                                                                                                                                                  , G
 98, 2685557(RU)       , 22.05.2018       , УСТРОЙСТВО ДЛЯ НАБЛЮДЕНИЯ СОЛНЕЧНОЙ КОРОНЫ                                                                                                                      , http://www1.fips.ru/ofpstorage/Doc/IZPM/RUNWC1/000/000/002/685/557/%D0%98%D0%97-02685557-00001/document.pdf , 22.04.2019     , ЛЯП        , Бородин А.Н.                                                                                                                                                                                                                                                                                                                                                , F
 99, 2677501(RU)       , 22.12.2017       , СПОСОБ АНАЛИЗА АТОМНОГО СОСТАВА ОРГАНИЧЕСКИХ ВЕЩЕСТВ И УСТРОЙСТВО ДЛЯ ЕГО ОСУЩЕСТВЛЕНИЯ                                                                         , http://www1.fips.ru/ofpstorage/Doc/IZPM/RUNWC1/000/000/002/677/501/%D0%98%D0%97-02677501-00001/document.pdf , 17.01.2019     , ЛИТ        , "Тютюнников С.И., Шаляпин В.Н."                                                                                                                                                                                                                                                                                                                             , C
100, 2676757(RU)       , 12.03.2018       , УСТРОЙСТВО ДЛЯ ВЫВОДА ЗАРЯЖЕННЫХ ЧАСТИЦ ИЗ ЦИКЛИЧЕСКОГО УСКОРИТЕЛЯ                                                                                              , http://www1.fips.ru/ofpstorage/Doc/IZPM/RUNWC1/000/000/002/676/757/%D0%98%D0%97-02676757-00001/document.pdf , 11.01.2019     , ЛЯР        , Долбилов Г.В.                                                                                                                                                                                                                                                                                                                                               , G
101, 2672039(RU)       , 27.12.2017       , ПЛАНАРНЫЙ ПОЛУПРОВОДНИКОВЫЙ ДЕТЕКТОР                                                                                                                            , http://www1.fips.ru/ofpstorage/Doc/IZPM/RUNWC1/000/000/002/672/039/%D0%98%D0%97-02672039-00001/document.pdf , 08.11.2018     , ЛЯП        , "Шелков Г.А., Кожевников Д.А., Смолянский П.И., Котов С.А., Кручонок В.Г., Жемчугов А.С., Лейва Фабело Антонио"                                                                                                                                                                                                                                             , G
102, 2669543(RU)       , 05.06.2017       , СПОСОБ ОПРЕДЕЛЕНИЯ ПРОСТРАНСТВЕННЫХ ПРОФИЛЕЙ ЯДЕРНОГО И МАГНИТНОГО ПОТЕНЦИАЛОВ ВЗАИМОДЕЙСТВИЯ ПОЛЯРИЗОВАННЫХ НЕЙТРОНОВ СО СЛОИСТОЙ СТРУКТУРОЙ                   , http://www1.fips.ru/ofpstorage/Doc/IZPM/RUNWC1/000/000/002/669/543/%D0%98%D0%97-02669543-00001/document.pdf , 11.10.2018     , ЛЯР        , "Никитенко Ю.В., Жакетов В.Д."                                                                                                                                                                                                                                                                                                                              , G
103, 2668546(RU)       , 15.11.2016       , СПОСОБ ИЗМЕНЕНИЯ РЕАКТИВНОСТИ В ИМПУЛЬСНЫХ ЯДЕРНЫХ УСТАНОВКАХ ПЕРИОДИЧЕСКОГО ДЕЙСТВИЯ НА БЫСТРЫХ НЕЙТРОНАХ С ПОРОГОВО-ДЕЛЯЩИМИСЯ ИЗОТОПАМИ                      , http://www1.fips.ru/ofpstorage/Doc/IZPM/RUNWC1/000/000/002/668/546/%D0%98%D0%97-02668546-00001/document.pdf , 02.10.2018     , ЛЯП        , "Шабалин Е.П., Комышев Г.Г"                                                                                                                                                                                                                                                                                                                                 , G
104, 2667595(RU)       , 03.07.2017       , "ЭНЕРГОНЕЗАВИСИМЫЙ ЗАЩИТНЫЙ КЛАПАН ДЛЯ ДРЕЙФОВОЙ КАМЕРЫ, РАБОТАЮЩЕЙ В ВАКУУМЕ"                                                                                  , http://www1.fips.ru/ofpstorage/Doc/IZPM/RUNWC1/000/000/002/667/595/%D0%98%D0%97-02667595-00001/document.pdf , 21.09.2018     , ЛЯП        , "Глонти Л., Кекелидзе В.Д., Потребеников Ю.К., Самсонов В.А., Чепурнов В.Ф."                                                                                                                                                                                                                                                                                , B
105, 2666937(RU)       , 27.09.2017       , СПОСОБ ПРОФИЛАКТИКИ СНИЖЕНИЯ МЫШЕЧНОЙ СИЛЫ ПРИ ОСТРОЙ ЛУЧЕВОЙ БОЛЕЗНИ В ЭКСПЕРИМЕНТЕ                                                                            , http://www1.fips.ru/ofpstorage/Doc/IZPM/RUNWC1/000/000/002/666/937/%D0%98%D0%97-02666937-00001/document.pdf , 13.09.2018     , ЛРБ        , "Иванов А.А., Красавин Е.А., Ляхова К.Н., Северюхин Ю.С., Молоканов А.Г."                                                                                                                                                                                                                                                                                   , A
106, 2659572(RU)       , 18.07.2017       , СПОСОБ МЕДЛЕННОГО ВЫВОДА ПУЧКА ЗАРЯЖЕННЫХ ЧАСТИЦ ИЗ ЦИКЛИЧЕСКОГО УСКОРИТЕЛЯ                                                                                     , http://www1.fips.ru/ofpstorage/Doc/IZPM/RUNWC1/000/000/002/659/572/%D0%98%D0%97-02659572-00001/document.pdf , 03.07.2018     , ЛЯР        , Долбилов Г.В.                                                                                                                                                                                                                                                                                                                                               , G
107, 2659717(RU)       , 22.12.2016       , ПОЛУПРОВОДНИКОВЫЙ ПИКСЕЛЬНЫЙ ДЕТЕКТОР ЗАРЯЖЕННЫХ СИЛЬНО ИОНИЗИРУЮЩИХ ЧАСТИЦ (МНОГОЗАРЯДНЫХ ИОНОВ)                                                               , http://www1.fips.ru/ofpstorage/Doc/IZPM/RUNWC1/000/000/002/659/717/%D0%98%D0%97-02659717-00001/document.pdf , 22.06.2018     , ЛЯР        , "Шелков Г.А., Кожевников Д.А., Смолянский П.И., Демичев М.А., Котов С.А., Кручонок В.Г., Жемчугов А.С., Абдельшакур Эль Саид Мохаммед Абу Эльазм"                                                                                                                                                                                                           , G
108, 2653186(RU)       , 03.04.2017       , СПОСОБ ОПРЕДЕЛЕНИЯ КОЭФФИЦИЕНТА ПУАССОНА МАТЕРИАЛА ГЕРМЕТИЧНОЙ ТОНКОСТЕННОЙ ПОЛИМЕРНОЙ ТРУБКИ                                                                   , http://www1.fips.ru/ofpstorage/Doc/IZPM/RUNWC1/000/000/002/653/186/%D0%98%D0%97-02653186-00001/document.pdf , 07.05.2018     , ЛЯП        , "Волков А.Д., Цамалаидзе З."                                                                                                                                                                                                                                                                                                                                , C
109, 2650509(RU)       , 21.12.2016       , КРИОГЕННОЕ ФЛАНЦЕВОЕ РАЗЪЁМНОЕ СОЕДИНЕНИЕ ДЛЯ ШАРИКОВОГО ХОЛОДНОГО ЗАМЕДЛИТЕЛЯ НЕЙТРОНОВ                                                                        , http://www1.fips.ru/ofpstorage/Doc/IZPM/RUNWC1/000/000/002/650/509/%D0%98%D0%97-02650509-00001/document.pdf , 16.04.2018     , ЛЯП        , "Мухин К.А., Кустов А.А."                                                                                                                                                                                                                                                                                                                                   , G
110, 2647497(RU)       , 15.06.2016       , СПОСОБ МНОГООБОРОТНОЙ ИНЖЕКЦИИ ЗАРЯЖЕННЫХ ЧАСТИЦ В ЦИКЛИЧЕСКИЙ УСКОРИТЕЛЬ                                                                                       , http://www1.fips.ru/ofpstorage/Doc/IZPM/RUNWC1/000/000/002/647/497/%D0%98%D0%97-02647497-00001/document.pdf , 16.03.2018     , ЛЯР        , Долбилов Г.В.                                                                                                                                                                                                                                                                                                                                               , G
111, 2641658(RU)       , 15.06.2016       , СПОСОБ МЕДЛЕННОГО ВЫВОДА ПУЧКА ЗАРЯЖЕННЫХ ЧАСТИЦ                                                                                                                , http://www1.fips.ru/ofpstorage/Doc/IZPM/RUNWC1/000/000/002/641/658/%D0%98%D0%97-02641658-00001/document.pdf , 19.01.2018     , ЛФВЭ       , Долбилов Г.В.                                                                                                                                                                                                                                                                                                                                               , G
112, 2638270(RU)       , 19.05.2016       , СПОСОБ ПРОФИЛАКТИКИ НАРУШЕНИЙ ПСИХОНЕВРОЛОГИЧЕСКОГО СТАТУСА ПРИ ОСТРОЙ ЛУЧЕВОЙ БОЛЕЗНИ В ЭКСПЕРИМЕНТЕ                                                           , http://www1.fips.ru/ofpstorage/Doc/IZPM/RUNWC1/000/000/002/638/270/%D0%98%D0%97-02638270-00001/document.pdf , 12.12.2017     , ЛРБ        , "Иванов А.А., Красавин Е.А., Ляхова К.Н., Северюхин Ю.С., Молоканов А.Г."                                                                                                                                                                                                                                                                                   , A
113, 2633770(RU)       , 15.06.2016       , СПОСОБ ФОКУСИРОВКИ ПУЧКОВ ЗАРЯЖЕННЫХ ЧАСТИЦ                                                                                                                     , http://www1.fips.ru/ofpstorage/Doc/IZPM/RUNWC1/000/000/002/633/770/%D0%98%D0%97-02633770-00001/document.pdf , 18.10.2017     , ЛФВЭ       , Долбилов Г.В.                                                                                                                                                                                                                                                                                                                                               , G
114, 2633657(RU)       , 24.02.2016       , УСТРОЙСТВО ДЛЯ ЭМИССИОННОГО И МАССОВОГО СПЕКТРАЛЬНОГО АНАЛИЗА ОРГАНИЧЕСКИХ ВЕЩЕСТВ                                                                              , http://www1.fips.ru/ofpstorage/Doc/IZPM/RUNWC1/000/000/002/633/657/%D0%98%D0%97-02633657-00001/document.pdf , 16.10.2017     , ЛИТ        , "Шаляпин В.Н., Тютюнников С.И."                                                                                                                                                                                                                                                                                                                             , C
115, 2618626(RU)       , 24.07.2015       , СПОСОБ СИНХРОННОГО УСКОРЕНИЯ ЗАРЯЖЕННЫХ ЧАСТИЦ В ПОСТОЯННОМ МАГНИТНОМ ПОЛЕ                                                                                      , http://www1.fips.ru/ofpstorage/Doc/IZPM/RUNWC1/000/000/002/618/626/%D0%98%D0%97-02618626-00001/document.pdf , 05.05.2017     , ЛТФ        , Долбилов Г.В.                                                                                                                                                                                                                                                                                                                                               , G
116, 2617715(RU)       , 24.07.2015       , СПОСОБ ПОЛУЧЕНИЯ РАДИОИЗОТОПОВ СЕРЕБРА БЕЗ НОСИТЕЛЯ                                                                                                             , http://www1.fips.ru/ofpstorage/Doc/IZPM/RUNWC1/000/000/002/617/715/%D0%98%D0%97-02617715-00001/document.pdf , 26.04.2017     , ЛЯП        , "Доманов В.П., Чинь Тхи Тху Ми"                                                                                                                                                                                                                                                                                                                             , C
117, 2608365(RU)       , 11.08.2015       , ИНДУКЦИОННЫЙ СИНХРОТРОН С ПОСТОЯННЫМ МАГНИТНЫМ ПОЛЕМ                                                                                                            , http://www1.fips.ru/ofpstorage/Doc/IZPM/RUNWC1/000/000/002/608/365/%D0%98%D0%97-02608365-00001/document.pdf , 18.01.2017     , ЛТФ        , Долбилов Г.В.                                                                                                                                                                                                                                                                                                                                               , G
118, 2602492(RU)       , 20.08.2014       , УСТРОЙСТВО ДЛЯ ИЗМЕРЕНИЯ МЕСТОПОЛОЖЕНИЯ ПРОВОЛОК В ГАЗОВЫХ ПРОВОЛОЧНЫХ КАМЕРАХ                                                                                  , http://www1.fips.ru/fips_servl/fips_servlet?DB=RUPAT&rn=2331&DocNumber=2602492TypeFile=html                 , 20.11.2016     , ЛЯП        , "Глонти Л.Н., Кекелидзе В.Д., Потребеников Ю.К., Самсонов В.А., Еник Т.Л., Колесников А.О., Мовчан С.А., Сотников А.Н."                                                                                                                                                                                                                                     , G
119, 2601539(RU)       , 10.08.2015       , СПОСОБ НАСТРОЙКИ ВЫСОКОЧАСТОТНОГО РЕЗОНАТОРА НА РЕЗОНАНСНЫЕ ЧАСТОТЫ С ЗАДАННОЙ КРАТНОСТЬЮ                                                                       , http://new.fips.ru/Archive4/PAT/2016FULL/2016.11.10/DOC/RUNWC1/000/000/002/601/539/DOCUMENT.PDF             , 10.11.2016     , ЛТФ        , Прохоров С.В.                                                                                                                                                                                                                                                                                                                                               , G
120, 2593433(RU)       , 25.05.2015       , СПОСОБ И УСТРОЙСТВО ДЛЯ ИЗМЕРЕНИЯ ПРОФИЛЯ НЕЙТРОННОГО ПУЧКА (ПУЧКОВ)                                                                                            , http://new.fips.ru/Archive4/PAT/2016FULL/2016.08.10/DOC/RUNWC1/000/000/002/593/433/DOCUMENT.PDF             , 10.08.2016     , ЛНФ        , "Быстрицкий В.М., Слепнёв В.М., Замятин Н.И."                                                                                                                                                                                                                                                                                                               , G
121, 2593431(RU)       , 05.05.2015       , СПОСОБ ИЗМЕРЕНИЯ СПЕКТРА ПЕРЕДАННОГО ИМПУЛЬСА НЕЙТРОНОВ                                                                                                         , http://new.fips.ru/Archive4/PAT/2016FULL/2016.08.10/DOC/RUNWC1/000/000/002/593/431/DOCUMENT.PDF             , 10.08.2016     , ЛЯП        , Никитенко Ю.В.                                                                                                                                                                                                                                                                                                                                              , G
122, 2577804(RU)       , 04.12.2014       , УСТРОЙСТВО ДЛЯ ИЗМЕРЕНИЯ УГЛА НАКЛОНА ПЛОСКОСТИ                                                                                                                 , http://new.fips.ru/Archive4/PAT/2016FULL/2016.03.20/DOC/RUNWC1/000/000/002/577/804/DOCUMENT.PDF             , 20.03.2016     , ЛЯП        , Волков А.Д.                                                                                                                                                                                                                                                                                                                                                 , G
123, 2571619(RU)       , 29.04.2014       , АНАЛИЗАТОР СОСТАВА ВЕЩЕСТВА                                                                                                                                     , http://new.fips.ru/Archive/PAT/2015FULL/2015.12.20/DOC/RUNWC2/000/000/002/571/619/DOCUMENT.PDF              , 20.12.2015     , ЛНФ        , "Шаляпин В.Н., Тютюнников С.И."                                                                                                                                                                                                                                                                                                                             , C
124, 2542300(RU)       , 24.09.2013       , СПОСОБ ИЗГОТОВЛЕНИЯ МОНО- И ОЛИГОПОРОВЫХ МЕМБРАН                                                                                                                , http://new.fips.ru/Archive/PAT/2015FULL/2015.02.20/DOC/RUNWC1/000/000/002/542/300/DOCUMENT.PDF              , 20.02.2015     , ЛЯР        , "Апель П.Ю., Дмитриев С.Н., Иванов О.М., Нечаев А.Н."                                                                                                                                                                                                                                                                                                       , E
125, 2540978(RU)       , 12.07.2013       , СПОСОБ ИЗГОТОВЛЕНИЯ ПЕРЕХОДНИКА ДЛЯ СОЕДИНЕНИЯ РЕЗОНАТОРА С КОЖУХОМ   КРИОМОДУЛЯ КОЛЛАЙДЕРА                                                                     , http://new.fips.ru/Archive/PAT/2015FULL/2015.02.10/DOC/RUNWC1/000/000/002/540/978/DOCUMENT.PDF              , 10.02.2015     , ЛЯР        , "Сабиров Б.М., Ширков Г.Д., Будагов Ю.А., Трубников Г.В.,Пекарь Е.Д., Добрушин Л.Д., Илларионов С.Ю., Брызгалин А.Г."                                                                                                                                                                                                                                       , F
126, 2539107(RU)       , 09.07.2013       , УСТРОЙСТВО ДЛЯ ИЗМЕРЕНИЯ ВЕЛИЧИНЫ НАТЯЖЕНИЯ ТРУБКИ В STRАW-ДЕТЕКТОРАХ                                                                                           , http://new.fips.ru/Archive/PAT/2015FULL/2015.01.10/DOC/RUNWC1/000/000/002/539/107/DOCUMENT.PDF              , 10.01.2015     , ЛЯП        , Волков А.Д.                                                                                                                                                                                                                                                                                                                                                 , G
127, 2510488(RU)       , 30.05.2012       , УСТРОЙСТВО ДЛЯ ИЗМЕРЕНИЯ УГЛА НАКЛОНА                                                                                                                           , http://new.fips.ru/Archive/PAT/2014FULL/2014.03.27/DOC/RUNWC2/000/000/002/510/488/DOCUMENT.PDF              , 27.03.2014     , ЛЯП        , "Будагов Ю.А., Ляблин М.В."                                                                                                                                                                                                                                                                                                                                 , G
128, 2496165(RU)       , 21.02.2012       , КРИОГЕННЫЙ ДОЗАТОР ШАРИКОВ ДЛЯ ХОЛОДНОГО ЗАМЕДЛИТЕЛЯ НЕЙТРОНОВ                                                                                                  , http://new.fips.ru/Archive/PAT/2013FULL/2013.10.20/DOC/RUNWC1/000/000/002/496/165/DOCUMENT.PDF              , 20.10.2013     , ЛЯП        , "Куликов С.А., Федоров А.Н., Шабалин Е.П."                                                                                                                                                                                                                                                                                                                  , G
129, 2492538(RU)       , 29.02.2012       , ШАРИКОВЫЙ ХОЛОДНЫЙ ЗАМЕДЛИТЕЛЬ НЕЙТРОНОВ                                                                                                                        , http://new.fips.ru/Archive/PAT/2013FULL/2013.09.10/DOC/RUNWC1/000/000/002/492/538/DOCUMENT.PDF              , 10.09.2013     , ЛЯП        , " Ананьев В.Д., Беляков А.А., Булавин М.В., Верхоглядов А.Е., Куликов С.А., Кустов А.А., Мухин К.А., Шабалин Е.П., Шабалин Д.Е. ;                          "                                                                                                                                                                                                , G
