n,n_patent,link1,date,title,link2,publication,authors,main_lab
1.0,2847136(RU),https://new.fips.ru/registers-doc-view/fips_servlet?DB=RUPAT&DocNumber=2847136&TypeFile=html,08.11.2024,УСТРОЙСТВО ДЛЯ ОХЛАЖДЕНИЯ БИОЛОГИЧЕСКИХ ОБРАЗЦОВ,https://www.fips.ru/ofpstorage/Doc/IZPM/RUNWC1/000/000/002/847/068/%D0%98%D0%97-02847068-00001/document.pdf,26.09.2025 БИПМ №27,"Белокопытова К.В., Агапов А.В., Мицын Г.В., Белов О.В.",Лаборатория радиационной биологии
2.0,2847068(RU),https://new.fips.ru/registers-doc-view/fips_servlet?DB=RUPAT&DocNumber=2847068&TypeFile=html,"08.10,2024",СПОСОБ ИЗГОТОВЛЕНИЯ АНИЗОТРОПНОЙ ПОРИСТОЙ ПЛЕНКИ ИЗ ДИЭЛЕКТРИЧЕСКОГО МАТЕРИАЛА И АНИЗОТРОПНАЯ ПЛЕНКА ИЗ ДИЭЛЕКТРИЧЕСКОГО МАТЕРИАЛА,https://new.fips.ru/ofpstorage/Doc/IZPM/RUNWC1/000/000/002/847/068/%D0%98%D0%97-02847068-00001/document.pdf,24.09.2025 БИПМ №27,"Апель П.Ю., Дмитриев Н.С., Нечаев А.Н., Полежаева О.А., Иванов О.М.",Лаборатория ядерных реакций им. Г.Н. Флерова
3.0,2842003(RU),https://new.fips.ru/registers-doc-view/fips_servlet?DB=RUPAT&DocNumber=2843003&TypeFile=html,18.07.2024,СПОСОБ ВЫВОДА УСКОРЕННОГО ПУЧКА ПОЛОЖИТЕЛЬНО ЗАРЯЖЕННЫХ ЧАСТИЦ ИЗ ЦИКЛОТРОНА,https://new.fips.ru/ofpstorage/Doc/IZPM/RUNWC1/000/000/002/842/003/%D0%98%D0%97-02842003-00001/document.pdf,18.06.2025 БИПМ №17,"Иваненко И.А., Гульбекян Г.Г.",Лаборатория физики высоких энергий им. В.И. Векслера и А.М. Балдина
4.0,2838994(RU),https://new.fips.ru/registers-doc-view/fips_servlet?DB=RUPAT&DocNumber=2838994&TypeFile=html,03.05.2024,ФИЛЬТРУЮЩИЙ ПОРИСТЫЙ МАТЕРИАЛ ДЛЯ СЕЛЕКТИВНОГО ВЫДЕЛЕНИЯ И КОНЦЕНТРИРОВАНИЯ ВНЕКЛЕТОЧНЫХ&NBSP;НУКЛЕИНОВЫХ КИСЛОТ ИЗ РАСТВОРОВ,https://new.fips.ru/ofpstorage/Doc/IZPM/RUNWC1/000/000/002/838/994/%D0%98%D0%97-02838994-00001/document.pdf,24.04.2025 БИПМ №12,"Кравченко Е.В., Зарубин М.П., Апель П.Ю., Нечаев А.Н., Андреев Е.В.",Лаборатория ядерных проблем им. В.П. Джелепова
5.0,2834762(RU),https://new.fips.ru/registers-doc-view/fips_servlet?DB=RUPAT&DocNumber=2834762&TypeFile=html,02.05.2024,СПОСОБ ИМПУЛЬСНОГО НАПУСКА И ЗАПИРАНИЯ НЕЙТРОНОВ В КОЛЬЦЕВОМ НАКОПИТЕЛЕ НЕЙТРОНОВ,https://new.fips.ru/ofpstorage/Doc/IZPM/RUNWC1/000/000/002/834/762/%D0%98%D0%97-02834762-00001/document.pdf,14.02.2025 БИПМ №5,"Никитенко Ю.В., Колупаев Е.Д., Журавлев В.В.",Лаборатория ядерных проблем им. В.П. Джелепова
6.0,2832195(RU),https://new.fips.ru/registers-doc-view/fips_servlet?DB=RUPAT&DocNumber=2832195&TypeFile=html,31.01.2024,СПОСОБ ИЗГОТОВЛЕНИЯ СОЕДИНЕНИЯ ВЫСОКОТЕМПЕРАТУРНЫХ СВЕРХПРОВОДЯЩИХ КАБЕЛЕЙ,https://new.fips.ru/ofpstorage/Doc/IZPM/RUNWC1/000/000/002/832/195/%D0%98%D0%97-02832195-00001/document.pdf,23.12.2024 БИПМ №36,"Шемчук А.В., Ильин М.В., Новиков М.С.",Лаборатория физики высоких энергий им. В.И. Векслера и А.М. Балдина
7.0,2828765(RU),https://new.fips.ru/registers-doc-view/fips_servlet?DB=RUPAT&DocNumber=2828765&TypeFile=html,02.10.2023,СПОСОБ ОХЛАЖДЕНИЯ ПОТОКА НЕЙТРОНОВ И УСТРОЙСТВО ДЛЯ ЕГО РЕАЛИЗАЦИИ,https://www.fips.ru/ofpstorage/Doc/IZPM/RUNWC1/000/000/002/828/765/%D0%98%D0%97-02828765-00001/document.pdf,17.10.2024 БИМП №29,Доля С.Н.,Лаборатория ядерных проблем им. В.П. Джелепова
8.0,2820796(RU),https://new.fips.ru/registers-doc-view/fips_servlet?DB=RUPAT&DocNumber=2820796&TypeFile=html,29.01.2024,СПОСОБ ИЗГОТОВЛЕНИЯ СВЕТООТРАЖАТЕЛЯ,https://www.fips.ru/ofpstorage/Doc/IZPM/RUNWC1/000/000/002/820/796/%D0%98%D0%97-02820796-00001/document.pdf,10.06.2024 БИМП №10,"Смолянский А.С., Белов О.В., Кирюхин Д.П., Кущ П.П., Рындя С.М., Полунин К.С., Кошкина О.А., Трахтенберг Л.И.",Лаборатория ядерных проблем им. В.П. Джелепова
9.0,226117(RU)ПМ,https://new.fips.ru/registers-doc-view/fips_servlet?DB=RUPM&DocNumber=226117&TypeFile=html,13.02.2023,КОМПАКТНЫЙ НИЗКОФОНОВЫЙ СЧЕТЧИК НЕЙТРОНОВ НА ОСНОВЕ ГЕЛИЯ-3,https://new.fips.ru/ofpstorage/Doc/IZPM/RUNWU1/000/000/000/226/117/%D0%9F%D0%9C-00226117-00001/document.pdf,21.05.2024 БИМП №15,"Евсеев С.А., Емельянов А.Н., Камнев И.И., Розов С.В., Якушев Е.А.",Лаборатория ядерных проблем им. В.П. Джелепова
10.0,2816244(RU),https://new.fips.ru/registers-doc-view/fips_servlet?DB=RUPAT&DocNumber=2816244&TypeFile=html,02.10.2023,ПОЗИЦИОННО-ЧУВСТВИТЕЛЬНЫЙ ДЕТЕКТОР ТЕПЛОВЫХ И ХОЛОДНЫХ НЕЙТРОНОВ ОТ КОМПАКТНОГО ИССЛЕДУЕМОГО ОБРАЗЦА,https://new.fips.ru/ofpstorage/Doc/IZPM/RUNWC1/000/000/002/816/244/%D0%98%D0%97-02816244-00001/document.pdf,13.02.2024 БИМП №5,"Колесников А.Г., Залиханов Б.Ж., Боднарчук В.И.",Лаборатория ядерных проблем им. В.П. Джелепова
11.0,2816242(RU),https://new.fips.ru/registers-doc-view/fips_servlet?DB=RUPAT&DocNumber=2816242&TypeFile=html,10.01.2023,СПОСОБ СБОРКИ СУПЕРМОДУЛЕЙ ДЛЯ ДЕТЕКТИРОВАНИЯ ИОНИЗИРУЮЩЕГО ИЗЛУЧЕНИЯ,https://new.fips.ru/ofpstorage/Doc/IZPM/RUNWC1/000/000/002/816/242/%D0%98%D0%97-02816242-00001/document.pdf,27.03.2024 БИМП №9,"Елша В.В., Дементьев Д.В., Шереметьев А.Д., Воронин А.Л., Мурин А.Ю.",Лаборатория физики высоких энергий им. В.И. Векслера и А.М. Балдина
12.0,2814514(RU),https://new.fips.ru/registers-doc-view/fips_servlet?DB=RUPAT&DocNumber=2814514&TypeFile=html,22.09.2023,ПОЛУПРОВОДНИКОВЫЙ ЛАВИННЫЙ ДЕТЕКТОР,https://new.fips.ru/ofpstorage/Doc/IZPM/RUNWC1/000/000/002/814/514/%D0%98%D0%97-02814514-00001/document.pdf,29.02.2024 БИМП №7,"Садыгов З.Я., Замятин Н.И., Акберов Р.А., Бокова Т.Ю., Ахмадов Ф.И., Садыгов А.З.",Лаборатория ядерных проблем им. В.П. Джелепова
13.0,2813557(RU),https://new.fips.ru/registers-doc-view/fips_servlet?DB=RUPAT&DocNumber=2813557&TypeFile=html,02.10.2023,ПОЗИЦИОННО-ЧУВСТВИТЕЛЬНЫЙ ДЕТЕКТОР ТЕПЛОВЫХ И ХОЛОДНЫХ НЕЙТРОНОВ НА ОСНОВЕ ПЛОСКОПАРАЛЛЕЛЬНОЙ РЕЗИСТИВНОЙ КАМЕРЫ,https://www.fips.ru/ofpstorage/Doc/IZPM/RUNWC1/000/000/002/813/557/%D0%98%D0%97-02813557-00001/document.pdf,13.02.2024 БИМП № 5,"Петрова М.О., Богдзель А.А., Боднарчук В.И., Даулбаев О., Милков В.М., Курилкин А.К., Булатов К.В., Дмитриев А.В., Бабкин В.А., Румянцев М.М.",Лаборатория ядерных проблем им. В.П. Джелепова
14.0,2810721(RU),https://www.fips.ru/cdfi/fips.dll/ru?ty=29&docid=2810721,02.05.2023,УСТРОЙСТВО ДЛЯ ИЗМЕРЕНИЯ УГЛА НАКЛОНА,https://www.fips.ru/ofpstorage/Doc/IZPM/RUNWC1/000/000/002/810/721/%D0%98%D0%97-02810721-00001/document.pdf,28.12.2023 БИМП №1,Ляблин М.В.,Лаборатория ядерных проблем им. В.П. Джелепова
15.0,2810718(RU),https://www.fips.ru/cdfi/fips.dll/ru?ty=29&docid=2810718,19.06.2023,УСТРОЙСТВО ДЛЯ ИЗМЕРЕНИЯ УГЛА НАКЛОНА,https://www.fips.ru/ofpstorage/Doc/IZPM/RUNWC1/000/000/002/810/718/%D0%98%D0%97-02810718-00001/document.pdf,28.12.2023 БИМП №1,Ляблин М.В.,Лаборатория ядерных проблем им. В.П. Джелепова
16.0,2806879(RU),https://www.fips.ru/cdfi/fips.dll/ru?ty=29&docid=2806879,30.06.2022,ТЕПЛОПРОВОДЯЩАЯ ПАНЕЛЬ ДЛЯ ЖИДКОСТНЫХ СИСТЕМ ОХЛАЖДЕНИЯ ДЕТЕКТОРНЫХ МОДУЛЕЙ И СПОСОБ ЕЕ ИЗГОТОВЛЕНИЯ,https://www.fips.ru/ofpstorage/Doc/IZPM/RUNWC1/000/000/002/806/879/%D0%98%D0%97-02806879-00001/document.pdf,08.11.2023 БИПМ №31,"Лыгденова Т.З., Воронин А.Л., Жеребчевский В.И., Иголкин С.Н., Мурин Ю.А., Феофилов Г.А.",Лаборатория ядерных проблем им. В.П. Джелепова
17.0,2803544(RU),https://www.fips.ru/cdfi/fips.dll/ru?ty=29&docid=2803544,29.11.2022,КОЛЬЦЕВОЙ НАКОПИТЕЛЬ НЕЙТРОНОВ,https://www.fips.ru/ofpstorage/Doc/IZPM/RUNWC1/000/000/002/803/544/%D0%98%D0%97-02803544-00001/document.pdf,17.07.2023 БИПМ №26,"Никитенко Ю.В., Аксенов В.Л.",Лаборатория ядерных проблем им. В.П. Джелепова
18.0,2800058(RU),https://www.fips.ru/cdfi/fips.dll/ru?ty=29&docid=2800058,27.01.2023,УСТРОЙСТВО МОНИТОРИНГА ПЕРЕИЗЛУЧАЮЩЕЙ СПОСОБНОСТИ СПЕКТРОСМЕЩАЮЩЕГО ОПТИЧЕСКОГО ВОЛОКНА,https://www.fips.ru/ofpstorage/Doc/IZPM/RUNWC1/000/000/002/800/058/%D0%98%D0%97-02800058-00001/document.pdf,17.07.2023 БИПМ №20,"Петрова М.О., Подлесный М.М., Милков В.М.",Лаборатория нейтронной физики им. И.М. Франка
19.0,2798227(RU),https://www.fips.ru/cdfi/fips.dll/ru?ty=29&docid=2798227,07.11.2022,ТЕЛЛУРСОДЕРЖАЩИЙ ЖИДКИЙ СЦИНТИЛЛЯТОР,https://www.fips.ru/ofpstorage/Doc/IZPM/RUNWC1/000/000/002/798/227/%D0%98%D0%97-02798227-00001/document.pdf,19.06.2023 БИПМ №17,"Немченок И.Б., Суслов И.А., Быстряков А.Д",Лаборатория ядерных проблем им. В.П. Джелепова
20.0,2797497(RU),https://www.fips.ru/cdfi/fips.dll/ru?ty=29&docid=2797497,15.11.2022,ПОЗИЦИОННО-ЧУВСТВИТЕЛЬНЫЙ ГАЗОВЫЙ ДЕТЕКТОР ТЕПЛОВЫХ И ХОЛОДНЫХ НЕЙТРОНОВ,https://www.fips.ru/ofpstorage/Doc/IZPM/RUNWC1/000/000/002/797/497/%D0%98%D0%97-02797497-00001/document.pdf,06.06.2023 БИПМ №16,"Колесников А.Г., Залиханов Б.Ж., Боднарчук В.И., Крюков Ю А",Лаборатория ядерных проблем им. В.П. Джелепова
21.0,2793964(RU),https://www.fips.ru/cdfi/fips.dll/ru?ty=29&docid=2793964,11.04.2022,УСТРОЙСТВО ДЛЯ ДЕТЕКТИРОВАНИЯ ТВЕРДЫХ ФРАГМЕНТОВ СФЕРИЧЕСКОЙ ФОРМЫ ШАРИКОВОГО ХОЛОДНОГО ЗАМЕДЛИТЕЛЯ НЕЙТРОНОВ,https://www.fips.ru/ofpstorage/Doc/IZPM/RUNWC1/000/000/002/793/964/%D0%98%D0%97-02793964-00001/document.pdf,11.04.2023 БИМП №11,"Галушко А.В., Булавин М.В., Ыскаков Алмас, Мухин К.А., Скуратов В.А., Смелянский И.А.",Лаборатория ядерных проблем им. В.П. Джелепова
22.0,2792202(RU),https://www.fips.ru/cdfi/fips.dll/ru?ty=29&docid=2792202,12.07.2022,УСТРОЙСТВО ДЛЯ ПОЛУЧЕНИЯ УЛЬТРАХОЛОДНЫХ НЕЙТРОНОВ,https://www.fips.ru/ofpstorage/Doc/IZPM/RUNWC1/000/000/002/792/202/%D0%98%D0%97-02792202-00001/document.pdf,20.03.2023 БИМП №8,Доля С.Н.,Лаборатория ядерных проблем им. В.П. Джелепова
24.0,2787744(RU),https://www.fips.ru/registers-doc-view/fips_servlet?DB=RUPAT&DocNumber=2787744&TypeFile=html,14.09.2021,УСТРОЙСТВО ДЛЯ ПОЛУЧЕНИЯ ХОЛОДНЫХ И УЛЬТРОХОЛОДНЫХ НЕЙТРОНОВ,http://www1.fips.ru/ofpstorage/Doc/IZPM/RUNWC1/000/000/002/787/744/%D0%98%D0%97-02787744-00001/document.pdf,12.01.2023 БИПМ №2,"Доля С.Н., Никитенко Ю.В.",Лаборатория ядерных проблем им. В.П. Джелепова
25.0,2776326(RU),https://www.fips.ru/registers-doc-view/fips_servlet?DB=RUPAT&DocNumber=2776326&TypeFile=html,14.09.2021,СПОСОБ ЭКСПРЕСС- АНАЛИЗА ИНГИБИРОВАНИЯ ЖИВЫХ БЕЛКОВЫХ МОЛЕКУЛ,http://www1.fips.ru/ofpstorage/Doc/IZPM/RUNWC1/000/000/002/776/326/%D0%98%D0%97-02776326-00001/document.pdf,18.07.2022 БИПМ №20,Доля С.Н.,Лаборатория радиационной биологии
26.0,2776157(RU),https://www.fips.ru/registers-doc-view/fips_servlet?DB=RUPAT&DocNumber=2776157&TypeFile=html,14.09.2022,КОМПАКТНЫЙ СВЕРХПРОВОДЯЩИЙ ЦИКЛОТРОН ДЛЯ ПРОТОННОЙ ТЕРАПИИ ПУЧКАМИ СО СВЕРХВЫСОКОЙ МОЩНОСТЬЮ ДОЗЫ (ФЛЕШ),http://www1.fips.ru/ofpstorage/Doc/IZPM/RUNWC1/000/000/002/776/157/%D0%98%D0%97-02776157-00001/document.pdf,14.07.2022 БИПМ №20,"Карамышев О.В., Карамышева Г.А., Ляпин И.Д., Малинин В.А., Попов Д.В., Трубников Г.В., Ширков Г.Д., Ширков С.Г.",Лаборатория радиационной биологии
27.0,2776102(RU),https://www.fips.ru/registers-doc-view/fips_servlet?DB=RUPAT&DocNumber=2776102&TypeFile=html,29.03.2021,СПОСОБ ПОЗИЦИОНИРОВАНИЯ СЦИНТИЛЛЯЦИОННЫХ ЯЧЕЕК В СЕГМЕНТИРОВАННЫХ ДЕТЕКТОРАХ И УСТРОЙСТВО ДЛЯ ЕГО ОСУЩЕСТВЛЕНИЯ,http://www1.fips.ru/ofpstorage/Doc/IZPM/RUNWC1/000/000/002/776/102/%D0%98%D0%97-02776102-00001/document.pdf,13.07.2022 БИПМ №20,"Афанасьев С.В., Голунов  А.О., Горбунов Н.В., Ершов Ю.В.",Лаборатория ядерных проблем им. В.П. Джелепова
28.0,2772969(RU),https://www.fips.ru/registers-doc-view/fips_servlet?DB=RUPAT&DocNumber=2772969&TypeFile=html,28.06.2021,НАКОПИТЕЛЬ ХОЛОДНЫХ НЕЙТРОНОВ,https://www.fips.ru/ofpstorage/Doc/IZPM/RUNWC1/000/000/002/772/969/%D0%98%D0%97-02772969-00001/document.pdf,30.05.2022 БИПМ №16,Никитенко Ю.В.,Лаборатория ядерных проблем им. В.П. Джелепова
29.0,2770864(RU),https://www.fips.ru/registers-doc-view/fips_servlet?DB=RUPAT&DocNumber=2770864&TypeFile=html,14.09.2021,УСТРОЙСТВО ДЛЯ РЕЗОНАНСНОГО ЗАРЯДА КОНДЕНСАТОРА,https://www.fips.ru/ofpstorage/Doc/IZPM/RUNWC1/000/000/002/770/864/%D0%98%D0%97-02770864-00001/document.pdf,22.04.2022 БИМП №12,"Доля С.Н., Смирнов В.И.",Лаборатория ядерных проблем им. В.П. Джелепова
30.0,2765830(RU),https://www.fips.ru/registers-doc-view/fips_servlet?DB=RUPAT&DocNumber=2765830&TypeFile=html,26.04.2021,"СПОСОБ ИЗМЕНЕНИЯ КОНЕЧНОЙ ЭНЕРГИИ ПРОТОННОГО ПУЧКА, ИСПОЛЬЗУЕМОГО ДЛЯ ФЛЗШ-ТЕРАПИИ",https://www.fips.ru/ofpstorage/Doc/IZPM/RUNWC1/000/000/002/770/864/%D0%98%D0%97-02770864-00001/document.pdf,03.02.2022 БИМП №12,"Доля С.Н., Смирнов В.И.",Лаборатория ядерных проблем им. В.П. Джелепова
31.0,2761376(RU),https://www.fips.ru/registers-doc-view/fips_servlet?DB=RUPAT&DocNumber=2761376&TypeFile=html,05.03.2021,УСТРОЙСТВО МОДЕЛИРОВАНИЯ НА ПУЧКАХ ТЯЖЕЛЫХ ИОНОВ ВЫСОКОЙ ЭНЕРГИИ ПОЛЕЙ СМЕШАННОГО ИЗЛУЧЕНИЯ ДЛЯ ЦЕЛЕЙ ЭКСПЕРИМЕНТАЛЬНОЙ РАДИОЛОГИИ,http://www1.fips.ru/ofpstorage/Doc/IZPM/RUNWC1/000/000/002/761/376/%D0%98%D0%97-02761376-00001/document.pdf,07.12.2021 БИПМ №34,"Тимошенко Г.Н., Гордеев И.С.",Лаборатория ядерных реакций им. Г.Н. Флерова
32.0,2761053(RU),https://www.fips.ru/registers-doc-view/fips_servlet?DB=RUPAT&DocNumber=2761053&TypeFile=html,11.03.2021,СПОСОБ ИЗМЕРЕНИЯ ВЕРОЯТНОСТИ ПОГЛОЩЕНИЯ НЕЙТРОНОВ ПРИ ИХ ПОДБАРЬЕРНОМ ОТРАЖЕНИИ ОТ ПОВЕРХНОСТИ И СТРУКТУРА ДЛЯ ЕГО ОСУЩЕСТВЛЕНИЯ,http://www1.fips.ru/ofpstorage/Doc/IZPM/RUNWC1/000/000/002/761/053/%D0%98%D0%97-02761053-00001/document.pdf,02.12.2021 БИПМ №34,Никитенко Ю.В.,Лаборатория нейтронной физики им. И.М. Франка
33.0,2760979(RU),https://www.fips.ru/registers-doc-view/fips_servlet?DB=RUPAT&DocNumber=2760979&TypeFile=html,26.04.2021,УСТРОЙСТВО ДЛЯ ФОРМИРОВАНИЯ ПИЛООБРАЗНОГО НАПРЯЖЕНИЯ НА КОНДЕНСАТОРЕ,http://www1.fips.ru/ofpstorage/Doc/IZPM/RUNWC1/000/000/002/760/979/%D0%98%D0%97-02760979-00001/document.pdf,02.12.2021 БИПМ №34,"Доля С.Н., Смирнов В.И.",Лаборатория ядерных проблем им. В.П. Джелепова
34.0,2758712(RU),https://www.fips.ru/registers-doc-view/fips_servlet?DB=RUPAT&DocNumber=2758712&TypeFile=html,08.02.2021,КАРКАС ДЛЯ СВЕРХПРОВОДЯЩЕГО СОЛЕНОИДА,http://www1.fips.ru/ofpstorage/Doc/IZPM/RUNWC1/000/000/002/758/712/%D0%98%D0%97-02758712-00001/document.pdf,01.11.2021 БИПМ №31,"Новиков М.С., Ходжибагиян Г.Г., Заславский М.Е.",Лаборатория физики высоких энергий им. В.И. Векслера и А.М. Балдина
35.0,2751458(RU),https://www.fips.ru/registers-doc-view/fips_servlet?DB=RUPAT&DocNumber=2751458&TypeFile=html,06.11.2020,СПОСОБ ИЗМЕРЕНИЯ ИНТЕНСИВНОСТИ РАДИАЦИОННОГО ИЗЛУЧЕНИЯ НЕИЗВЕСТНОГО СОСТАВА,http://www1.fips.ru/ofpstorage/Doc/IZPM/RUNWC1/000/000/002/751/458/%D0%98%D0%97-02751458-00001/document.pdf,14.07.2021 БИПМ №20,"Шелков Г.А., Расторгуев Д.Д., Рожков В.А., Черепанова Е.А.",Лаборатория ядерных проблем им. В.П. Джелепова
36.0,2748153(RU),https://www.fips.ru/registers-doc-view/fips_servlet?DB=RUPAT&DocNumber=2748153&TypeFile=html,20.07.2020,СЦИНТИЛЛЯЦИОННЫЙ ДЕТЕКТОР,http://www1.fips.ru/ofpstorage/Doc/IZPM/RUNWC1/000/000/002/748/153/%D0%98%D0%97-02748153-00001/document.pdf,19.05.2021 БИПМ №14,"Афанасьев С.В., Бояринцев А.Ю., Голунов А.О., Голутвин И.А., Горбунов Н.В., Гринев Б.В., Ершов Ю.В., Малахов А.И., Смирнов В.А., Сухов Е.В., Устинов В.В.",Лаборатория ядерных проблем им. В.П. Джелепова
37.0,2747047(RU),https://www.fips.ru/registers-doc-view/fips_servlet?DB=RUPAT&DocNumber=2747047&TypeFile=html,19.08.2020,ЛАЗЕРНЫЙ ИНКЛИНОМЕТР,http://www1.fips.ru/ofpstorage/Doc/IZPM/RUNWC1/000/000/002/747/047/%D0%98%D0%97-02747047-00001/document.pdf,23.04.2021 БИПМ №12,"Будагов Ю.А., Ляблин М.В.",Лаборатория ядерных проблем им. В.П. Джелепова
38.0,2745587(RU),https://www.fips.ru/registers-doc-view/fips_servlet?DB=RUPAT&DocNumber=2745587&TypeFile=html,20.07.2020,МЕХАНИЧЕСКИЙ ФИЛЬТР НЕЙТРОННОГО ПУЧКА С ВРЕМЕННОЙ ФОКУСИРОВКОЙ,http://www1.fips.ru/ofpstorage/Doc/IZPM/RUNWC1/000/000/002/745/587/%D0%98%D0%97-02745587-00001/document.pdf,29.03.2021 БИПМ №10,"Садилов В.В., Боднарчук В.И.",Лаборатория нейтронной физики им. И.М. Франка
39.0,2745384(RU),https://www.fips.ru/registers-doc-view/fips_servlet?DB=RUPAT&DocNumber=2745384&TypeFile=html,20.07.2020,СПОСОБ АНАЛИЗА АТОМНОГО СОСТАВА ДИСПЕРСНЫХ ПОРОШКОВЫХ МАТЕРИАЛОВ,http://www1.fips.ru/ofpstorage/Doc/IZPM/RUNWC1/000/000/002/745/384/%D0%98%D0%97-02745384-00001/document.pdf,24.03.2021 БИПМ №9,"Шаляпин В.Н., Тютюнников С.И., Артюх В.А.",Лаборатория информационных технологий им. М.Г. Мещерякова
40.0,2741838(RU),https://www.fips.ru/registers-doc-view/fips_servlet?DB=RUPAT&DocNumber=2741838&TypeFile=html,19.08.2020,СПОСОБ ОПРЕДЕЛЕНИЯ НАЛИЧИЯ ГЕНЕТИЧЕСКОЙ ПРЕДРАСПОЛОЖЕННОСТИ К ДОЛГОЛЕТИЮ ЧЕЛОВЕКА,http://www1.fips.ru/ofpstorage/Doc/IZPM/RUNWC1/000/000/002/741/838/%D0%98%D0%97-02741838-00001/document.pdf,29.01.2021 БИПМ №4,"Кравченко Е.В., Иванова А.Е.",Лаборатория ядерных проблем им. В.П. Джелепова
41.0,2740489(RU),https://www.fips.ru/registers-doc-view/fips_servlet?DB=RUPAT&DocNumber=2740489&TypeFile=html,29.06.2020,ЛАЗЕРНЫЙ ИНКЛИНОМЕТР ДЛЯ ДЛИТЕЛЬНОЙ РЕГИСТРАЦИИ УГЛОВЫХ НАКЛОНОВ ЗЕМНОЙ ПОВЕРХНОСТИ,http://www1.fips.ru/ofpstorage/Doc/IZPM/RUNWC1/000/000/002/740/489/%D0%98%D0%97-02740489-00001/document.pdf,14.01.2021 БИПМ №2,"Будагов Ю.А., Ляблин М.В.",Лаборатория ядерных проблем им. В.П. Джелепова
42.0,2734903(RU),https://www.fips.ru/registers-doc-view/fips_servlet?DB=RUPAT&DocNumber=2734903&TypeFile=html,24.03.2020,УСТРОЙСТВО ДЛЯ РЕЗОНАНСНОГО ЗАРЯДА КОНДЕНСАТОРА,http://www1.fips.ru/ofpstorage/Doc/IZPM/RUNWC1/000/000/002/734/903/%D0%98%D0%97-02734903-00001/document.pdf,26.10.2020 БИПМ №30,"Доля С.Н., Смирнов В.И.",Лаборатория ядерных проблем им. В.П. Джелепова
43.0,2734451(RU),https://www.fips.ru/registers-doc-view/fips_servlet?DB=RUPAT&DocNumber=2734451&TypeFile=html,11.02.2020,УСТРОЙСТВО ДЛЯ ИЗМЕРЕНИЯ УГЛОВ НАКЛОНА ПОВЕРХНОСТИ,http://www1.fips.ru/ofpstorage/Doc/IZPM/RUNWC1/000/000/002/734/451/%D0%98%D0%97-02734451-00001/document.pdf,16.10.2020 БИПМ №29,"Будагов Ю.А., Ляблин М.В.",Лаборатория ядерных проблем им. В.П. Джелепова
44.0,2730045(RU),https://www.fips.ru/registers-doc-view/fips_servlet?DB=RUPAT&DocNumber=2730045&TypeFile=html,11.09.2018,ГИБРИДНЫЙ ПИКСЕЛЬНЫЙ ДЕТЕКТОР ИОНИЗИРУЮЩИХ ИЗЛУЧЕНИЙ,http://www1.fips.ru/ofpstorage/Doc/IZPM/RUNWC1/000/000/002/730/045/%D0%98%D0%97-02730045-00001/document.pdf,14.08.2020 БИПМ №23,"Кожевников Д.А., Шелков Г.А., Смолянский П.И.",Лаборатория ядерных проблем им. В.П. Джелепова
45.0,2729880(RU),https://www.fips.ru/registers-doc-view/fips_servlet?DB=RUPAT&DocNumber=2729880&TypeFile=html,05.11.2019,"ТВЕРДОТЕЛЬНЫЙ КОНДЕНСАТОР-ИОНИСТОР С ДИЭЛЕКТРИЧЕСКИМ СЛОЕМ, ВЫПОЛНЕННИМ ИЗ НАНОПОРОШКА ДИЭЛЕКТРИКА",http://www1.fips.ru/ofpstorage/Doc/IZPM/RUNWC1/000/000/002/729/880/%D0%98%D0%97-02729880-00001/document.pdf,13.08.2020 БИПМ №23,"Дорошкевич А.С., Шило А.В., Зеленяк Т.Ю., Константинова Т.Е., Любчик А.И., Татаринова А.А., Гридина Е.А., Дорошкевич Н.В.",Лаборатория ядерных проблем им. В.П. Джелепова
46.0,2723390(RU),https://www.fips.ru/registers-doc-view/fips_servlet?DB=RUPAT&DocNumber=2723390&TypeFile=html,04.07.2019,"СПОСОБ ПРОГНОЗИРОВАНИЯ РИСКА РАЗВИТИЯ ЗАБОЛЕВАНИЙ, СВЯЗАННЫХ С УРОВНЕМ ИММУНОГЛОБУЛИНА E(IgE) В СЫВОРОТКЕ КРОВИ ЧЕЛОВЕКА",http://www1.fips.ru/ofpstorage/Doc/IZPM/RUNWC1/000/000/002/723/390/%D0%98%D0%97-02723390-00001/document.pdf,11.06.2020 БИПМ №17,"Иванова А.Е., Русакович А.Н., Кравченко Е.В.",Лаборатория ядерных проблем им. В.П. Джелепова
47.0,2715898(RU),https://www.fips.ru/registers-doc-view/fips_servlet?DB=RUPAT&DocNumber=2715898&TypeFile=html,12.03.2018,ГАЗОНАПОЛНЕННЫЙ ДЕТЕКТОР ДЛЯ ИЗМЕРЕНИЯ МАЛОУГЛОВОГО РАССЕЯНИЯ ТЕПЛОВЫХ НЕЙТРОНОВ,http://www1.fips.ru/ofpstorage/Doc/IZPM/RUNWC1/000/000/002/715/898/%D0%98%D0%97-02715898-00001/document.pdf,04.03.2020 БИПМ №7,"Богдзель А.А., Милков В.М., Пантелеев Ц.Ц.",Лаборатория нейтронной физики им. И.М. Франка
48.0,2714507(RU),https://www.fips.ru/registers-doc-view/fips_servlet?DB=RUPAT&DocNumber=2714507&TypeFile=html,04.02.2019,СПОСОБ ФОРМИРОВАНИЯ РАВНОВЕСНЫХ ТРАЕКТОРИЙ ЧАСТИЦ В ЦИКЛИЧЕСКОМ УСКОРИТЕЛЕ С ПОСТОЯННЫМ РАДИУСОМ ОРБИТЫ,http://www1.fips.ru/ofpstorage/Doc/IZPM/RUNWC1/000/000/002/714/507/%D0%98%D0%97-02714507-00001/document.pdf,18.02.2020 БИПМ №5,Долбилов Г.В.,Лаборатория ядерных реакций им. Г.Н. Флерова
49.0,2714505(RU),https://www.fips.ru/registers-doc-view/fips_servlet?DB=RUPAT&DocNumber=2714505&TypeFile=html,11.03.2019,МАГНИТНАЯ СИСТЕМА ИНДУКЦИОННОГО СИНХРОТРОНА С ПОСТОЯННЫМ ВО ВРЕМЕНИ МАГНИТНЫМ ПОЛЕМ,http://www1.fips.ru/ofpstorage/Doc/IZPM/RUNWC1/000/000/002/714/505/%D0%98%D0%97-02714505-00001/document.pdf,18.02.2020 БИПМ №5,Долбилов Г.В.,Лаборатория ядерных реакций им. Г.Н. Флерова
50.0,2702140(RU),https://www.fips.ru/registers-doc-view/fips_servlet?DB=RUPAT&DocNumber=2702140&TypeFile=html,23.01.2019,СВЕРХПРОВОДЯЩИЙ КОМПАКТНЫЙ ИЗОХРОННЫЙ ЦИКЛОТРОН,http://www1.fips.ru/ofpstorage/Doc/IZPM/RUNWC1/000/000/002/702/140/%D0%98%D0%97-02702140-00001/document.pdf,04.10.2019 БИПМ №28,"Бунятов К.С., Ширков Г.Д., Ширков С.Г., Карамышева Г.А., Карамышев О.В., Малинин В.А., Гурский С.В., Попов Д.В.",Лаборатория ядерных проблем им. В.П. Джелепова
51.0,2699670(RU),https://www.fips.ru/registers-doc-view/fips_servlet?DB=RUPAT&DocNumber=2699670&TypeFile=html,16.11.2018,СПОСОБ ПОВЫШЕНИЯ ЧАСТОТЫ ОБРАЗОВАНИЯ ДВУНИТЕВЫХ РАЗРЫВОВ ДНК В КЛЕТКАХ ЧЕЛОВЕКА ПРИ ДЕЙСТВИИ ИОНИЗИРУЮЩИХ ИЗЛУЧЕНИЙ В УСЛОВИЯХ ВЛИЯНИЯ РАДИОМОДИФИКАТОРОВ,http://www1.fips.ru/ofpstorage/Doc/IZPM/RUNWC1/000/000/002/699/670/%D0%98%D0%97-02699670-00001/document.pdf,09.09.2019 БИПМ №25,"Красавин Е.А., Борейко А.В., Куликова Е.А., Буланова Т.С., Тимошенко Г.Н., Чаусов В.Н.",Лаборатория радиационной биологии
52.0,2698468(RU),https://www.fips.ru/registers-doc-view/fips_servlet?DB=RUPAT&DocNumber=2698468&TypeFile=html,18.06.2018,СПОСОБ МОДЕЛИРОВАНИЯ ХИМИЧЕСКОГО ПОВЕДЕНИЯ АТОМОВ СВЕРХТЯЖЕЛЫХ ЭЛЕМЕНТОВ,https://www1.fips.ru/ofpstorage/Doc/IZPM/RUNWC1/000/000/002/698/468/%D0%98%D0%97-02698468-00001/document.pdf,27.08.2019 БИПМ №24,Доманов В.П.,Лаборатория ядерных проблем им. В.П. Джелепова
53.0,2691770(RU),https://www.fips.ru/registers-doc-view/fips_servlet?DB=RUPAT&DocNumber=2691770&TypeFile=html,25.09.2018,УСТРОЙСТВО ДЛЯ ИССЛЕДОВАНИЯ СТРОУ ТРУБКИ КООРДИНАТНОГО ДЕТЕКТОРА ЧАСТИЦ,http://www1.fips.ru/ofpstorage/Doc/IZPM/RUNWC1/000/000/002/691/770/%D0%98%D0%97-02691770-00001/document.pdf,18.06.2019 БИПМ №17,"Волков А.Д., Кравченко М.Д., Павлов А.В.",Лаборатория физики высоких энергий им. В.И. Векслера и А.М. Балдина
54.0,2685557(RU),https://www.fips.ru/registers-doc-view/fips_servlet?DB=RUPAT&DocNumber=2685557&TypeFile=html,22.05.2018,УСТРОЙСТВО ДЛЯ НАБЛЮДЕНИЯ СОЛНЕЧНОЙ КОРОНЫ,http://www1.fips.ru/ofpstorage/Doc/IZPM/RUNWC1/000/000/002/685/557/%D0%98%D0%97-02685557-00001/document.pdf,22.04.2019 БИПМ №12,Бородин А.Н.,Лаборатория ядерных проблем им. В.П. Джелепова
55.0,2677501(RU),https://www.fips.ru/registers-doc-view/fips_servlet?DB=RUPAT&DocNumber=2677501&TypeFile=html,22.12.2017,СПОСОБ АНАЛИЗА АТОМНОГО СОСТАВА ОРГАНИЧЕСКИХ ВЕЩЕСТВ И УСТРОЙСТВО ДЛЯ ЕГО ОСУЩЕСТВЛЕНИЯ,http://www1.fips.ru/ofpstorage/Doc/IZPM/RUNWC1/000/000/002/677/501/%D0%98%D0%97-02677501-00001/document.pdf,17.01.2019 БИПМ №2,"Тютюнников С.И., Шаляпин В.Н.",Лаборатория информационных технологий им. М.Г. Мещерякова
56.0,2676757(RU),https://www.fips.ru/registers-doc-view/fips_servlet?DB=RUPAT&DocNumber=2676757&TypeFile=html,12.03.2018,УСТРОЙСТВО ДЛЯ ВЫВОДА ЗАРЯЖЕННЫХ ЧАСТИЦ ИЗ ЦИКЛИЧЕСКОГО УСКОРИТЕЛЯ,http://www1.fips.ru/ofpstorage/Doc/IZPM/RUNWC1/000/000/002/676/757/%D0%98%D0%97-02676757-00001/document.pdf,11.01.2019 БИПМ №2,Долбилов Г.В.,Лаборатория ядерных реакций им. Г.Н. Флерова
57.0,2672039(RU),https://www.fips.ru/registers-doc-view/fips_servlet?DB=RUPAT&DocNumber=2672039&TypeFile=html,27.12.2017,ПЛАНАРНЫЙ ПОЛУПРОВОДНИКОВЫЙ ДЕТЕКТОР,http://www1.fips.ru/ofpstorage/Doc/IZPM/RUNWC1/000/000/002/672/039/%D0%98%D0%97-02672039-00001/document.pdf,08.11.2018 БИПМ №31,"Шелков Г.А., Кожевников Д.А., Смолянский П.И., Котов С.А., Кручонок В.Г., Жемчугов А.С., Лейва Фабело Антонио",Лаборатория ядерных проблем им. В.П. Джелепова
58.0,2669543(RU),https://www.fips.ru/registers-doc-view/fips_servlet?DB=RUPAT&DocNumber=2669543&TypeFile=html,05.06.2017,СПОСОБ ОПРЕДЕЛЕНИЯ ПРОСТРАНСТВЕННЫХ ПРОФИЛЕЙ ЯДЕРНОГО И МАГНИТНОГО ПОТЕНЦИАЛОВ ВЗАИМОДЕЙСТВИЯ ПОЛЯРИЗОВАННЫХ НЕЙТРОНОВ СО СЛОИСТОЙ СТРУКТУРОЙ,http://www1.fips.ru/ofpstorage/Doc/IZPM/RUNWC1/000/000/002/669/543/%D0%98%D0%97-02669543-00001/document.pdf,11.10.2018 БИПМ №29,"Никитенко Ю.В., Жакетов В.Д.",Лаборатория ядерных реакций им. Г.Н. Флерова
59.0,2668546(RU),https://www.fips.ru/registers-doc-view/fips_servlet?DB=RUPAT&DocNumber=2668546&TypeFile=html,15.11.2016,СПОСОБ ИЗМЕНЕНИЯ РЕАКТИВНОСТИ В ИМПУЛЬСНЫХ ЯДЕРНЫХ УСТАНОВКАХ ПЕРИОДИЧЕСКОГО ДЕЙСТВИЯ НА БЫСТРЫХ НЕЙТРОНАХ С ПОРОГОВО-ДЕЛЯЩИМИСЯ ИЗОТОПАМИ,http://www1.fips.ru/ofpstorage/Doc/IZPM/RUNWC1/000/000/002/668/546/%D0%98%D0%97-02668546-00001/document.pdf,02.10.2018 БИПМ №28,"Шабалин Е.П., Комышев Г.Г",Лаборатория ядерных проблем им. В.П. Джелепова
60.0,2667595(RU),https://www.fips.ru/registers-doc-view/fips_servlet?DB=RUPAT&DocNumber=2667595&TypeFile=html,03.07.2017,"ЭНЕРГОНЕЗАВИСИМЫЙ ЗАЩИТНЫЙ КЛАПАН ДЛЯ ДРЕЙФОВОЙ КАМЕРЫ, РАБОТАЮЩЕЙ В ВАКУУМЕ",http://www1.fips.ru/ofpstorage/Doc/IZPM/RUNWC1/000/000/002/667/595/%D0%98%D0%97-02667595-00001/document.pdf,21.09.2018 БИПМ №27,"Глонти Л., Кекелидзе В.Д., Потребеников Ю.К., Самсонов В.А., Чепурнов В.Ф.",Лаборатория ядерных проблем им. В.П. Джелепова
61.0,2666937(RU),https://www.fips.ru/registers-doc-view/fips_servlet?DB=RUPAT&DocNumber=2666937&TypeFile=html,27.09.2017,СПОСОБ ПРОФИЛАКТИКИ СНИЖЕНИЯ МЫШЕЧНОЙ СИЛЫ ПРИ ОСТРОЙ ЛУЧЕВОЙ БОЛЕЗНИ В ЭКСПЕРИМЕНТЕ,http://www1.fips.ru/ofpstorage/Doc/IZPM/RUNWC1/000/000/002/666/937/%D0%98%D0%97-02666937-00001/document.pdf,13.09.2018 БИПМ №26,"Иванов А.А., Красавин Е.А., Ляхова К.Н., Северюхин Ю.С., Молоканов А.Г.",Лаборатория радиационной биологии
62.0,2659572(RU),https://www.fips.ru/registers-doc-view/fips_servlet?DB=RUPAT&DocNumber=2659572&TypeFile=html,18.07.2017,СПОСОБ МЕДЛЕННОГО ВЫВОДА ПУЧКА ЗАРЯЖЕННЫХ ЧАСТИЦ ИЗ ЦИКЛИЧЕСКОГО УСКОРИТЕЛЯ,http://www1.fips.ru/ofpstorage/Doc/IZPM/RUNWC1/000/000/002/659/572/%D0%98%D0%97-02659572-00001/document.pdf,03.07.2018 БИПМ №19,Долбилов Г.В.,Лаборатория ядерных реакций им. Г.Н. Флерова
63.0,2659717(RU),https://www.fips.ru/registers-doc-view/fips_servlet?DB=RUPAT&DocNumber=2659717&TypeFile=html,22.12.2016,ПОЛУПРОВОДНИКОВЫЙ ПИКСЕЛЬНЫЙ ДЕТЕКТОР ЗАРЯЖЕННЫХ СИЛЬНО ИОНИЗИРУЮЩИХ ЧАСТИЦ (МНОГОЗАРЯДНЫХ ИОНОВ),http://www1.fips.ru/ofpstorage/Doc/IZPM/RUNWC1/000/000/002/659/717/%D0%98%D0%97-02659717-00001/document.pdf,22.06.2018 БИПМ №18,"Шелков Г.А., Кожевников Д.А., Смолянский П.И., Демичев М.А., Котов С.А., Кручонок В.Г., Жемчугов А.С., Абдельшакур Эль Саид Мохаммед Абу Эльазм",Лаборатория ядерных реакций им. Г.Н. Флерова
64.0,2653186(RU),https://www.fips.ru/registers-doc-view/fips_servlet?DB=RUPAT&DocNumber=2653186&TypeFile=html,03.04.2017,СПОСОБ ОПРЕДЕЛЕНИЯ КОЭФФИЦИЕНТА ПУАССОНА МАТЕРИАЛА ГЕРМЕТИЧНОЙ ТОНКОСТЕННОЙ ПОЛИМЕРНОЙ ТРУБКИ,http://www1.fips.ru/ofpstorage/Doc/IZPM/RUNWC1/000/000/002/653/186/%D0%98%D0%97-02653186-00001/document.pdf,07.05.2018 БИПМ №13,"Волков А.Д., Цамалаидзе З.",Лаборатория ядерных проблем им. В.П. Джелепова
65.0,2650509(RU),https://www.fips.ru/registers-doc-view/fips_servlet?DB=RUPAT&DocNumber=2650509&TypeFile=html,21.12.2016,КРИОГЕННОЕ ФЛАНЦЕВОЕ РАЗЪЁМНОЕ СОЕДИНЕНИЕ ДЛЯ ШАРИКОВОГО ХОЛОДНОГО ЗАМЕДЛИТЕЛЯ НЕЙТРОНОВ,http://www1.fips.ru/ofpstorage/Doc/IZPM/RUNWC1/000/000/002/650/509/%D0%98%D0%97-02650509-00001/document.pdf,16.04.2018 БИПМ №11,"Мухин К.А., Кустов А.А.",Лаборатория ядерных проблем им. В.П. Джелепова
66.0,2647497(RU),https://www.fips.ru/registers-doc-view/fips_servlet?DB=RUPAT&DocNumber=2647497&TypeFile=html,15.06.2016,СПОСОБ МНОГООБОРОТНОЙ ИНЖЕКЦИИ ЗАРЯЖЕННЫХ ЧАСТИЦ В ЦИКЛИЧЕСКИЙ УСКОРИТЕЛЬ,http://www1.fips.ru/ofpstorage/Doc/IZPM/RUNWC1/000/000/002/647/497/%D0%98%D0%97-02647497-00001/document.pdf,16.03.2018 БИПМ №8,Долбилов Г.В.,Лаборатория ядерных реакций им. Г.Н. Флерова
67.0,2641658(RU),https://www.fips.ru/registers-doc-view/fips_servlet?DB=RUPAT&DocNumber=2641658&TypeFile=html,15.06.2016,СПОСОБ МЕДЛЕННОГО ВЫВОДА ПУЧКА ЗАРЯЖЕННЫХ ЧАСТИЦ,http://www1.fips.ru/ofpstorage/Doc/IZPM/RUNWC1/000/000/002/641/658/%D0%98%D0%97-02641658-00001/document.pdf,19.01.2018 БИПМ №2,Долбилов Г.В.,Лаборатория физики высоких энергий им. В.И. Векслера и А.М. Балдина
68.0,2638270(RU),https://www.fips.ru/registers-doc-view/fips_servlet?DB=RUPAT&DocNumber=2638270&TypeFile=html,19.05.2016,СПОСОБ ПРОФИЛАКТИКИ НАРУШЕНИЙ ПСИХОНЕВРОЛОГИЧЕСКОГО СТАТУСА ПРИ ОСТРОЙ ЛУЧЕВОЙ БОЛЕЗНИ В ЭКСПЕРИМЕНТЕ,http://www1.fips.ru/ofpstorage/Doc/IZPM/RUNWC1/000/000/002/638/270/%D0%98%D0%97-02638270-00001/document.pdf,12.12.2017 БИПМ №35,"Иванов А.А., Красавин Е.А., Ляхова К.Н., Северюхин Ю.С., Молоканов А.Г.",Лаборатория радиационной биологии
69.0,2633770(RU),https://www.fips.ru/registers-doc-view/fips_servlet?DB=RUPAT&DocNumber=2633770&TypeFile=html,15.06.2016,СПОСОБ ФОКУСИРОВКИ ПУЧКОВ ЗАРЯЖЕННЫХ ЧАСТИЦ,http://www1.fips.ru/ofpstorage/Doc/IZPM/RUNWC1/000/000/002/633/770/%D0%98%D0%97-02633770-00001/document.pdf,18.10.2017 БИПМ №29,Долбилов Г.В.,Лаборатория физики высоких энергий им. В.И. Векслера и А.М. Балдина
70.0,2633657(RU),https://www.fips.ru/registers-doc-view/fips_servlet?DB=RUPAT&DocNumber=2633657&TypeFile=html,24.02.2016,УСТРОЙСТВО ДЛЯ ЭМИССИОННОГО И МАССОВОГО СПЕКТРАЛЬНОГО АНАЛИЗА ОРГАНИЧЕСКИХ ВЕЩЕСТВ,http://www1.fips.ru/ofpstorage/Doc/IZPM/RUNWC1/000/000/002/633/657/%D0%98%D0%97-02633657-00001/document.pdf,16.10.2017 БИПМ №29,"Шаляпин В.Н., Тютюнников С.И.",Лаборатория информационных технологий им. М.Г. Мещерякова
71.0,2618626(RU),https://www.fips.ru/registers-doc-view/fips_servlet?DB=RUPAT&DocNumber=2618626&TypeFile=html,24.07.2015,СПОСОБ СИНХРОННОГО УСКОРЕНИЯ ЗАРЯЖЕННЫХ ЧАСТИЦ В ПОСТОЯННОМ МАГНИТНОМ ПОЛЕ,http://www1.fips.ru/ofpstorage/Doc/IZPM/RUNWC1/000/000/002/618/626/%D0%98%D0%97-02618626-00001/document.pdf,05.05.2017 БИПМ №13,Долбилов Г.В.,Лаборатория теоретической физики им. Н.Н. Боголюбова
72.0,2617715(RU),https://www.fips.ru/registers-doc-view/fips_servlet?DB=RUPAT&DocNumber=2617715&TypeFile=html,24.07.2015,СПОСОБ ПОЛУЧЕНИЯ РАДИОИЗОТОПОВ СЕРЕБРА БЕЗ НОСИТЕЛЯ,http://www1.fips.ru/ofpstorage/Doc/IZPM/RUNWC1/000/000/002/617/715/%D0%98%D0%97-02617715-00001/document.pdf,26.04.2017 БИПМ №12,"Доманов В.П., Чинь Тхи Тху Ми",Лаборатория ядерных проблем им. В.П. Джелепова
73.0,2608365(RU),https://www.fips.ru/registers-doc-view/fips_servlet?DB=RUPAT&DocNumber=2608365&TypeFile=html,11.08.2015,ИНДУКЦИОННЫЙ СИНХРОТРОН С ПОСТОЯННЫМ МАГНИТНЫМ ПОЛЕМ,http://www1.fips.ru/ofpstorage/Doc/IZPM/RUNWC1/000/000/002/608/365/%D0%98%D0%97-02608365-00001/document.pdf,18.01.2017 БИПМ №2,Долбилов Г.В.,Лаборатория теоретической физики им. Н.Н. Боголюбова
74.0,2602492(RU),https://www.fips.ru/registers-doc-view/fips_servlet?DB=RUPAT&DocNumber=2602492&TypeFile=html,20.08.2014,УСТРОЙСТВО ДЛЯ ИЗМЕРЕНИЯ МЕСТОПОЛОЖЕНИЯ ПРОВОЛОК В ГАЗОВЫХ ПРОВОЛОЧНЫХ КАМЕРАХ,http://www1.fips.ru/fips_servl/fips_servlet?DB=RUPAT&rn=2331&DocNumber=2602492TypeFile=html,20.11.2016 БИПМ №32,"Глонти Л.Н., Кекелидзе В.Д., Потребеников Ю.К., Самсонов В.А., Еник Т.Л., Колесников А.О., Мовчан С.А., Сотников А.Н.",Лаборатория ядерных проблем им. В.П. Джелепова
75.0,2601539(RU),https://www.fips.ru/registers-doc-view/fips_servlet?DB=RUPAT&DocNumber=2601539&TypeFile=html,10.08.2015,СПОСОБ НАСТРОЙКИ ВЫСОКОЧАСТОТНОГО РЕЗОНАТОРА НА РЕЗОНАНСНЫЕ ЧАСТОТЫ С ЗАДАННОЙ КРАТНОСТЬЮ,http://new.fips.ru/Archive4/PAT/2016FULL/2016.11.10/DOC/RUNWC1/000/000/002/601/539/DOCUMENT.PDF,10.11.2016 БИПМ №31,Прохоров С.В.,Лаборатория теоретической физики им. Н.Н. Боголюбова
76.0,2593433(RU),https://www.fips.ru/registers-doc-view/fips_servlet?DB=RUPAT&DocNumber=2593433&TypeFile=html,25.05.2015,СПОСОБ И УСТРОЙСТВО ДЛЯ ИЗМЕРЕНИЯ ПРОФИЛЯ НЕЙТРОННОГО ПУЧКА (ПУЧКОВ),http://new.fips.ru/Archive4/PAT/2016FULL/2016.08.10/DOC/RUNWC1/000/000/002/593/433/DOCUMENT.PDF,10.08.2016 БИПМ №22,"Быстрицкий В.М., Слепнёв В.М., Замятин Н.И.",Лаборатория нейтронной физики им. И.М. Франка
77.0,2593431(RU),https://www.fips.ru/registers-doc-view/fips_servlet?DB=RUPAT&DocNumber=2593431&TypeFile=html,05.05.2015,СПОСОБ ИЗМЕРЕНИЯ СПЕКТРА ПЕРЕДАННОГО ИМПУЛЬСА НЕЙТРОНОВ,http://new.fips.ru/Archive4/PAT/2016FULL/2016.08.10/DOC/RUNWC1/000/000/002/593/431/DOCUMENT.PDF,10.08.2016 БИПМ №22,Никитенко Ю.В.,Лаборатория ядерных проблем им. В.П. Джелепова
78.0,2577804(RU),https://www.fips.ru/registers-doc-view/fips_servlet?DB=RUPAT&DocNumber=2577804&TypeFile=html,04.12.2014,УСТРОЙСТВО ДЛЯ ИЗМЕРЕНИЯ УГЛА НАКЛОНА ПЛОСКОСТИ,http://new.fips.ru/Archive4/PAT/2016FULL/2016.03.20/DOC/RUNWC1/000/000/002/577/804/DOCUMENT.PDF,20.03.2016 БИПМ № 8,Волков А.Д.,Лаборатория ядерных проблем им. В.П. Джелепова
79.0,2571619(RU),https://www.fips.ru/registers-doc-view/fips_servlet?DB=RUPAT&DocNumber=2571619&TypeFile=html,29.04.2014,АНАЛИЗАТОР СОСТАВА ВЕЩЕСТВА,http://new.fips.ru/Archive/PAT/2015FULL/2015.12.20/DOC/RUNWC2/000/000/002/571/619/DOCUMENT.PDF,20.12.2015 БИПМ №35,"Шаляпин В.Н., Тютюнников С.И.",Лаборатория нейтронной физики им. И.М. Франка
80.0,2542300(RU),https://www.fips.ru/registers-doc-view/fips_servlet?DB=RUPAT&DocNumber=2542300&TypeFile=html,24.09.2013,СПОСОБ ИЗГОТОВЛЕНИЯ МОНО- И ОЛИГОПОРОВЫХ МЕМБРАН,http://new.fips.ru/Archive/PAT/2015FULL/2015.02.20/DOC/RUNWC1/000/000/002/542/300/DOCUMENT.PDF,20.02.2015 БИПМ №5,"Апель П.Ю., Дмитриев С.Н., Иванов О.М., Нечаев А.Н.",Лаборатория ядерных реакций им. Г.Н. Флерова
81.0,2540978(RU),https://www.fips.ru/registers-doc-view/fips_servlet?DB=RUPAT&DocNumber=2540978&TypeFile=html,12.07.2013,СПОСОБ ИЗГОТОВЛЕНИЯ ПЕРЕХОДНИКА ДЛЯ СОЕДИНЕНИЯ РЕЗОНАТОРА С КОЖУХОМ   КРИОМОДУЛЯ КОЛЛАЙДЕРА,http://new.fips.ru/Archive/PAT/2015FULL/2015.02.10/DOC/RUNWC1/000/000/002/540/978/DOCUMENT.PDF,10.02.2015 БИПМ №4,"Сабиров Б.М., Ширков Г.Д., Будагов Ю.А., Трубников Г.В.,Пекарь Е.Д., Добрушин Л.Д., Илларионов С.Ю., Брызгалин А.Г.",Лаборатория ядерных реакций им. Г.Н. Флерова
82.0,2539107(RU),https://www.fips.ru/registers-doc-view/fips_servlet?DB=RUPAT&DocNumber=2539107&TypeFile=html,09.07.2013,УСТРОЙСТВО ДЛЯ ИЗМЕРЕНИЯ ВЕЛИЧИНЫ НАТЯЖЕНИЯ ТРУБКИ В STRАW-ДЕТЕКТОРАХ,http://new.fips.ru/Archive/PAT/2015FULL/2015.01.10/DOC/RUNWC1/000/000/002/539/107/DOCUMENT.PDF,10.01.2015 БИПМ № 1,Волков А.Д.,Лаборатория ядерных проблем им. В.П. Джелепова
83.0,2510488(RU),https://www.fips.ru/registers-doc-view/fips_servlet?DB=RUPAT&DocNumber=2510488&TypeFile=html,30.05.2012,УСТРОЙСТВО ДЛЯ ИЗМЕРЕНИЯ УГЛА НАКЛОНА,http://new.fips.ru/Archive/PAT/2014FULL/2014.03.27/DOC/RUNWC2/000/000/002/510/488/DOCUMENT.PDF,27.03.2014 БИПМ №9,"Будагов Ю.А., Ляблин М.В.",Лаборатория ядерных проблем им. В.П. Джелепова
84.0,2496165(RU),https://www.fips.ru/registers-doc-view/fips_servlet?DB=RUPAT&DocNumber=2496165&TypeFile=html,21.02.2012,КРИОГЕННЫЙ ДОЗАТОР ШАРИКОВ ДЛЯ ХОЛОДНОГО ЗАМЕДЛИТЕЛЯ НЕЙТРОНОВ,http://new.fips.ru/Archive/PAT/2013FULL/2013.10.20/DOC/RUNWC1/000/000/002/496/165/DOCUMENT.PDF,20.10.2013 БИПМ №29,"Куликов С.А., Федоров А.Н., Шабалин Е.П.",Лаборатория ядерных проблем им. В.П. Джелепова
85.0,2492538(RU),https://www.fips.ru/registers-doc-view/fips_servlet?DB=RUPAT&DocNumber=2492538&TypeFile=html,29.02.2012,ШАРИКОВЫЙ ХОЛОДНЫЙ ЗАМЕДЛИТЕЛЬ НЕЙТРОНОВ,http://new.fips.ru/Archive/PAT/2013FULL/2013.09.10/DOC/RUNWC1/000/000/002/492/538/DOCUMENT.PDF,10.09.2013 БИПМ №25,"Ананьев В.Д., Беляков А.А., Булавин М.В., Верхоглядов А.Е., Куликов С.А., Кустов А.А., Мухин К.А., Шабалин Е.П., Шабалин Д.Е. ;",Лаборатория ядерных проблем им. В.П. Джелепова